0,Hicham ,Belkarouri,Defender,1,Algeria
1,Ismael ,Bennacer,Midfielder,1,Algeria
2,Nabil ,Bentaleb,Midfielder,1,Algeria
3,Ryad ,Boudebouz,Midfielder,1,Algeria
4,Yacine ,Brahimi,Midfielder,1,Algeria
5,Lyassine ,Cadamuro-Bentaiba,Defender,1,Algeria
6,Sofiane ,Feghouli,Midfielder,1,Algeria
7,Rachid ,Ghezzal,Midfielder,1,Algeria
8,Faouzi ,Ghoulam,Defender,1,Algeria
9,Adlene ,Guedioura,Midfielder,1,Algeria
10,Rais ,M'Bolhi,Goalkeeper,1,Algeria
11,Riyad ,Mahrez,Midfielder/Forward,1,Algeria
12,Carl ,Medjani,Defender/Centre back,1,Algeria
13,Islam ,Slimani,Forward,1,Algeria
14,El Arbi Hilal  ,Soudani,Forward,1,Algeria
15,Saphir ,Taider,Midfielder,1,Algeria
16,Medhi ,Zeffane,Defender,1,Algeria
17,Sergio ,Aguero,Forward,2,Argentina
18,Lucas ,Alario,Forward,2,Argentina
19,Ever ,Banega,Midfielder,2,Argentina
20,Lucas ,Biglia,Midfielder,2,Argentina
21,Angel ,Correa,Forward,2,Argentina
22,Martin ,Demichelis,Defender,2,Argentina
23,Angel ,Di Maria,Midfielder,2,Argentina
24,Paulo ,Dybala,Forward,2,Argentina
25,Ramiro ,Funes Mori,Defender,2,Argentina
26,Nicolas ,Gaitan,Midfielder,2,Argentina
27,Gonzalo ,Higuain,Forward,2,Argentina
28,Claudio ,Kranevitter,Midfielder,2,Argentina
29,Erik ,Lamela,Midfielder,2,Argentina
30,Emmanuel ,Mas,Defender,2,Argentina
31,Javier ,Mascherano,Midfielder,2,Argentina
32,Gabriel Ivan ,Mercado,Defender,2,Argentina
33,Lionel ,Messi,Midfielder/Forward,2,Argentina
34,Mateo ,Musacchio,Defender,2,Argentina
35,Nicolas ,Otamendi,Defender,2,Argentina
36,Lucas ,Pratto,Forward,2,Argentina
37,Marcos ,Rojo,Defender,2,Argentina
38,Sergio ,Romero,Goalkeeper,2,Argentina
39,Pablo ,Zabaleta,Defender,2,Argentina
40,Levon ,Airapetian,Defender,3,Armenia
41,Gael ,Andonian,Defender,3,Armenia
42,David ,Arshakyan,Forward,3,Armenia
43,Arsen ,Beglaryan,Goalkeeper,3,Armenia
44,Gevorg ,Ghazaryan,Midfielder,3,Armenia
45,Artak ,Grigoryan,Midfielder,3,Armenia
46,Davit ,Hakobyan,Midfielder,3,Armenia
47,Hovhannes ,Hambardzumyan,Midfielder,3,Armenia
48,Varazdat ,Haroyan,Defender,3,Armenia
49,Kamo ,Hovhannisyan,Midfielder,3,Armenia
50,Gegam ,Kadimyan,Forward,3,Armenia
51,Ruslan ,Koryan,Forward,3,Armenia
52,Gor ,Malakyan,Midfielder,3,Armenia
53,Davit ,Manoyan,Midfielder,3,Armenia
54,Vahagn ,Minasyan,Midfielder,3,Armenia
55,Henrikh ,Mkhitaryan,Midfielder,3,Armenia
56,Hrayr ,Mkoyan,Defender,3,Armenia
57,Karlen ,Mkrtchyan,Midfielder,3,Armenia
58,Karen ,Muradyan,Midfielder,3,Armenia
59,Aras ,Ozbiliz,Midfielder,3,Armenia
60,Marcos ,Pizzelli,Midfielder,3,Armenia
61,Vardan ,Poghosyan,Forward,3,Armenia
62,Artur ,Sarkisov,Forward,3,Armenia
63,Taron ,Voskanyan,Defender,3,Armenia
64,Artak ,Yedigaryan,Defender,3,Armenia
65,Nathan ,Burns,Forward,4,Australia
66,Tim ,Cahill,Midfielder,4,Australia
67,Milos ,Degenek,Defender,4,Australia
68,Apostolos ,Giannou,Forward,4,Australia
69,Jackson ,Irvine,Midfielder,4,Australia
70,Mile ,Jedinak,Midfielder,4,Australia
71,Tomi ,Juric,Forward,4,Australia
72,Robbie ,Kruse,Forward,4,Australia
73,Mathew ,Leckie,Forward,4,Australia
74,Massimo ,Luongo,Midfielder,4,Australia
75,Ryan ,McGowan,Defender,4,Australia
76,Mark ,Milligan,Defender,4,Australia
77,Aaron ,Mooy,Midfielder/Forward,4,Australia
78,Tom ,Rogic,Midfielder,4,Australia
79,Mathew ,Ryan,Goalkeeper,4,Australia
80,Trent ,Sainsbury,Defender,4,Australia
81,Brad ,Smith,Defender,4,Australia
82,Matthew ,Spiranovic,Defender,4,Australia
83,David ,Alaba,Defender/Midfielder,5,Austria
84,Robert ,Almer,Goalkeeper,5,Austria
85,Marko ,Arnautovic,Forward,5,Austria
86,Julian ,Baumgartlinger,Midfielder,5,Austria
87,Aleksandar ,Dragovic,Defender,5,Austria
88,Michael ,Gregoritsch,Midfielder,5,Austria
89,Martin ,Harnik,Forward,5,Austria
90,Martin ,Hinteregger,Defender,5,Austria
91,Stefan ,Ilsanker,Midfielder,5,Austria
92,Marc ,Janko,Forward,5,Austria
93,Zlatko ,Junuzovic,Midfielder,5,Austria
94,Florian ,Klein,Midfielder,5,Austria
95,Sebastian ,Prodl,Defender,5,Austria
96, ,Ramazan Ozcan,Goalkeeper,5,Austria
97,Marcel ,Sabitzer,Forward,5,Austria
98,Louis ,Schaub,Midfielder,5,Austria
99,Alessandro ,Schopf,Midfielder,5,Austria
100,Markus ,Suttner,Defender,5,Austria
101,Kevin ,Wimmer,Defender,5,Austria
102,Fouzi Mubarek ,Aaish,Midfielder,6,Bahrain
103,Abdulla ,Abdo Yasser,Midfielder,6,Bahrain
104,Ismail ,Abdul Latif,Forward,6,Bahrain
105,Mohamed ,Adel,Defender,6,Bahrain
106,Sayed ,Adnan,Defender,6,Bahrain
107,Sayed ,Adnan,Midfielder,6,Bahrain
108,Sayed ,Ahmed,Midfielder,6,Bahrain
109,Kamil ,Al Aswad,Midfielder/Forward,6,Bahrain
110,Waleed ,Al Hayam,Defender,6,Bahrain
111,Abdulla ,Al Haza'a,Defender,6,Bahrain
112,Rashed ,Al Hooti,Defender,6,Bahrain
113,Sami ,Al Husaini,Forward,6,Bahrain
114,Abdulwahab ,Al Malood,Midfielder,6,Bahrain
115,Mohamed ,Al Romaihi,Forward,6,Bahrain
116,Abdulwahab ,Al Safi,Midfielder,6,Bahrain
117,Hussain ,Ali Baba,Defender,6,Bahrain
118,Sayed ,Dhiya Saeed,Midfielder,6,Bahrain
119,Sayed ,Hashem,Forward,6,Bahrain
120,Abdulla Yusuf ,Helal,Forward,6,Bahrain
121,Mohamed ,Husain,Defender,6,Bahrain
122,Sayed ,Jaffar,Goalkeeper,6,Bahrain
123,Hassan ,Jameel,Midfielder,6,Bahrain
124,Abbas Ahmed ,Khamis,Goalkeeper,6,Bahrain
125,Isa ,Moosa,Forward,6,Bahrain
126,Hesham ,Nayem,Midfielder,6,Bahrain
127,Abdullah ,Omar Ismail,Midfielder,6,Bahrain
128,Dawood ,Saad,Defender,6,Bahrain
129,Abdulla ,Shallal,Defender,6,Bahrain
130,Mohammed ,Tayeb,Forward,6,Bahrain
131,Toby ,Alderweireld,Defender,7,Belgium
132,Michy ,Batshuayi,Forward,7,Belgium
133,Christian ,Benteke,Forward,7,Belgium
134,Yannick ,Carrasco,Midfielder,7,Belgium
135,Nacer ,Chadli,Midfielder,7,Belgium
136,Laurent ,Ciman,Defender,7,Belgium
137,Thibaut ,Courtois,Goalkeeper,7,Belgium
138,Kevin ,De Bruyne,Midfielder/Forward,7,Belgium
139,Steven ,Defour,Midfielder,7,Belgium
140,Moussa ,Dembele,Midfielder,7,Belgium
141,Marouane ,Fellaini,Midfielder,7,Belgium
142,Eden ,Hazard,Midfielder,7,Belgium
143,Jordan ,Lukaku,Midfielder,7,Belgium
144,Romelu ,Lukaku,Forward,7,Belgium
145,Dries ,Mertens,Forward,7,Belgium
146,Thomas ,Meunier,Forward,7,Belgium
147,Kevin ,Mirallas,Midfielder/Forward,7,Belgium
148,Radja ,Nainggolan,Midfielder,7,Belgium
149,Divock ,Origi,Forward,7,Belgium
150,Thomas ,Vermaelen,Defender,7,Belgium
151,Jan ,Vertonghen,Defender/Midfielder,7,Belgium
152,Axel ,Witsel,Midfielder,7,Belgium
153,Juan Carlos ,Arce,Forward,8,Bolivia
154,Pedro ,Azogue,Midfielder,8,Bolivia
155,Marvin ,Bejarano,Defender,8,Bolivia
156,Nelson ,Cabrera,Defender,8,Bolivia
157,Jhasmani ,Campos,Midfielder,8,Bolivia
158,Yasmani ,Duk,Forward,8,Bolivia
159,Pablo ,Escobar,Forward,8,Bolivia
160,Jorge ,Flores,Defender,8,Bolivia
161,Walter Alberto ,Flores,Midfielder,8,Bolivia
162,Carlos Emilio ,Lampe,Goalkeeper,8,Bolivia
163,Alejandro ,Melean,Midfielder,8,Bolivia
164,Marcelo ,Moreno,Forward,8,Bolivia
165,Romel ,Quinonez,Goalkeeper,8,Bolivia
166,Ronald ,Raldes,Defender,8,Bolivia
167,Rodrigo ,Ramallo,Forward,8,Bolivia
168,Edemir ,Rodriguez,Defender,8,Bolivia
169,Erwin ,Saavedra,Midfielder,8,Bolivia
170,Martin ,Smedberg-Dalence,Defender,8,Bolivia
171,Joselito ,Vaca,Midfielder,8,Bolivia
172,Walter ,Veizaga,Forward,8,Bolivia
173,Diego ,Wayar,Defender,8,Bolivia
174,Edward ,Zenteno,Defender,8,Bolivia
175,Asmir ,Begovic,Goalkeeper,9,Bosnia and Herzegovina
176,Ermin ,Bicakcic,Defender,9,Bosnia and Herzegovina
177,Gojko ,Cimirot,Midfielder,9,Bosnia and Herzegovina
178,Milan ,Duric,Forward,9,Bosnia and Herzegovina
179,Edin ,Dzeko,Forward,9,Bosnia and Herzegovina
180,Izet ,Hajrovic,Midfielder,9,Bosnia and Herzegovina
181,Vedad ,Ibisevic,Forward,9,Bosnia and Herzegovina
182,Mato ,Jajalo,Midfielder,9,Bosnia and Herzegovina
183,Sead ,Kolasinac,Defender/Midfielder,9,Bosnia and Herzegovina
184,Senad ,Lulic,Midfielder,9,Bosnia and Herzegovina
185,Haris ,Medunjanin,Midfielder,9,Bosnia and Herzegovina
186,Danijel ,Milicevic,Midfielder,9,Bosnia and Herzegovina
187,Miralem ,Pjanic,Midfielder,9,Bosnia and Herzegovina
188,Emir ,Spahic,Defender,9,Bosnia and Herzegovina
189,Toni ,Sunjic  ,Defender,9,Bosnia and Herzegovina
190,Tino-Sven ,Susic,Midfielder,9,Bosnia and Herzegovina
191,Edin ,Visca,Midfielder,9,Bosnia and Herzegovina
192,Ognjen ,Vranjes,Defender,9,Bosnia and Herzegovina
193,Ervin ,Zukanovic,Defender,9,Bosnia and Herzegovina
194, ,Alisson,Goalkeeper,10,Brazil
195, ,Casemiro,Midfielder,10,Brazil
196,Philippe ,Coutinho,Midfielder,10,Brazil
197, ,Dani Alves,Defender,10,Brazil
198, ,Fernandinho,Midfielder,10,Brazil
199, ,Filipe Luis,Defender,10,Brazil
200,Roberto ,Firmino,Midfielder,10,Brazil
201, ,Gabriel Jesus,Forward,10,Brazil
202, ,Giuliano,Midfielder,10,Brazil
203, ,Lucas Lima,Midfielder,10,Brazil
204, ,Marcelo,Defender/Midfielder,10,Brazil
205, ,Marquinhos,Defender,10,Brazil
206, ,Miranda,Defender,10,Brazil
207, ,Neymar,Forward,10,Brazil
208, ,Paulinho,Midfielder,10,Brazil
209, ,Renato Augusto,Midfielder,10,Brazil
210, ,Taison,Forward,10,Brazil
211, ,Willian,Midfielder,10,Brazil
212,Alexandar ,Aleksandrov,Defender,11,Bulgaria
213,Mihail ,Aleksandrov,Midfielder/Forward,11,Bulgaria
214,Vasil ,Bozhikov,Defender,11,Bulgaria
215,Gerogi ,Bozhilov,Midfielder,11,Bulgaria
216,Ivaylo ,Chochev,Midfielder,11,Bulgaria
217,Bozhidar ,Chorbadzhiyski,Defender,11,Bulgaria
218,Svetoslav ,Dyakov,Midfielder,11,Bulgaria
219,Ivan ,Ivanov,Midfielder,11,Bulgaria
220,Georgi ,Kostadinov,Midfielder,11,Bulgaria
221,Kristiyan ,Malinov,Midfielder,11,Bulgaria
222, ,Marcelinho,Midfielder,11,Bulgaria
223,Georgi ,Milanov,Midfielder,11,Bulgaria
224,Zhivko ,Milanov,Defender,11,Bulgaria
225,Todor ,Nedelev,Midfielder,11,Bulgaria
226,Anton ,Nedyalkov,Defender,11,Bulgaria
227,Dimitar ,Pirgov,Defender,11,Bulgaria
228,Ivelin ,Popov,Midfielder/Forward,11,Bulgaria
229,Strahil ,Popov,Defender,11,Bulgaria
230,Dimitar ,Rangelov,Forward,11,Bulgaria
231,Martin ,Raynov,Midfielder,11,Bulgaria
232,Simeon ,Slavchev,Midfielder,11,Bulgaria
233,Vladislav ,Stoyanov,Goalkeeper,11,Bulgaria
234,Alexander ,Tonev,Midfielder/Forward,11,Bulgaria
235,Vincent ,Aboubakar,Forward,12,Cameroon
236,Aurelien ,Chedjou,Defender/Midfielder,12,Cameroon
237,Collins ,Fai,Defender,12,Cameroon
238,Benjamin ,Moukandjo,Forward,12,Cameroon
239,Nicolas ,N'Koulou,Defender,12,Cameroon
240,Daniel ,Ndi,Forward,12,Cameroon
241,Michael ,Ngadeu Ngadjui,Defender,12,Cameroon
242,Allan ,Nyom,Defender,12,Cameroon
243,Joseph ,Ondoa,Goalkeeper,12,Cameroon
244,Ambroise ,Oyongo,Defender,12,Cameroon
245,Edgar ,Salli,Midfielder,12,Cameroon
246,Sebastien ,Siani,Midfielder,12,Cameroon
247,Arnaud ,Sutchuin-Djoum,Midfielder,12,Cameroon
248,Robert ,Tambe,Forward,12,Cameroon
249,Adolphe ,Teikeu Kamgang,Forward,12,Cameroon
250,Karl ,Toko Ekambi,Forward,12,Cameroon
251,Frasier ,Aird,Midfielder,13,Canada
252,Tesho ,Akindele,Forward ,13,Canada
253,Scott ,Arfield,Midfielder,13,Canada
254,Milan ,Borjan,Goalkeeper,13,Canada
255,Marco ,Bustos,Midfielder,13,Canada
256,Marcel ,de Jong,Midfielder,13,Canada
257,Jamar ,Dixon,Midfielder,13,Canada
258,David ,Edgar,Defender,13,Canada
259,Marcus ,Haber,Forward,13,Canada
260,Doneil ,Henry,Defender,13,Canada
261,Junior ,Hoilett,Midfielder/Forward,13,Canada
262,Atiba ,Hutchinson,Midfielder,13,Canada
263,Simeon ,Jackson,Forward,13,Canada
264,Anthony ,Jackson Hamel,Forward,13,Canada
265,Dejan ,Jakovic,Defender,13,Canada
266,Manjrekar ,James,Defender,13,Canada
267,Cyle ,Larin,Forward,13,Canada
268,Nikolas ,Ledgerwood,Defender,13,Canada
269,Jonathan ,Osorio,Midfielder,13,Canada
270,Samuel ,Piette,Midfielder,13,Canada
271,Tosaint ,Ricketts,Midfielder,13,Canada
272,Adam ,Straith,Defender,13,Canada
273,Simon ,Thomas,Goalkeeper,13,Canada
274,Maxim ,Tissot,Defender,13,Canada
275,Steven ,Vitoria,Defender,13,Canada
276,HUANG ,Bowen,Midfielder,15,China PR
277,Gu ,Chao,Goalkeeper,15,China PR
278,ZENG ,Cheng,Goalkeeper,15,China PR
279,ZHANG ,Chengdong,Forward,15,China PR
280,YU ,Hai,Midfielder,15,China PR
281,REN ,Hang,Defender,15,China PR
282,CAI ,Huikang,Midfielder,15,China PR
283,HAO ,Junmin,Midfielder,15,China PR
284,SUN ,Ke,Midfielder,15,China PR
285,WU ,Lei,Midfielder,15,China PR
286,GAO ,Lin,Forward,15,China PR
287,ZHANG ,Linpeng,Defender,15,China PR
288,ZHAO ,Mingjian,Midfielder,15,China PR
289,JIANG ,Ning,Forward,15,China PR
290,DU ,Wei,Defender,15,China PR
291,WU ,Xi,Defender,15,China PR
292,FENG ,Xiaoting,Defender,15,China PR
293,ZHANG ,Xizhe,Midfielder,15,China PR
294,YANG ,Xu,Forward,15,China PR
295,LI ,Xuepeng,Midfielder,15,China PR
296,ZHANG ,Yu Ning,Midfielder/Forward,15,China PR
297,YANG ,Zhi,Goalkeeper,15,China PR
298,ZHENG ,Zhi,Defender/Midfielder,15,China PR
299,JIANG ,Zhipeng,Midfielder,15,China PR
300,Felipe ,Aguilar,Defender,16,Colombia
301,Santiago ,Arias,Defender,16,Colombia
302,Carlos ,Bacca,Forward,16,Colombia
303,Wilmar ,Barrios,Defender,16,Colombia
304,Orlando ,Berrio,Forward,16,Colombia
305,Edwin ,Cardona,Midfielder,16,Colombia
306,Juan ,Cuadrado,Midfielder,16,Colombia
307,Farid ,Diaz,Defender,16,Colombia
308,Roger ,Martinez,Forward,16,Colombia
309,Stefan ,Medina,Defender,16,Colombia
310,Alexander ,Mejia,Midfielder,16,Colombia
311,Yerry ,Mina,Defender,16,Colombia
312,Dayro ,Moreno,Forward,16,Colombia
313,Luis ,Muriel,Forward,16,Colombia
314,Jeison ,Murillo,Defender,16,Colombia
315,Oscar ,Murillo,Defender,16,Colombia
316,David ,Ospina,Goalkeeper,16,Colombia
317,James ,Rodriguez,Forward,16,Colombia
318,Carlos ,Sanchez,Midfielder,16,Colombia
319,Daniel ,Torres,Midfielder,16,Colombia
320,Macnelly ,Torres,Midfielder,16,Colombia
321,Johnny ,Acosta,Defender,17,Costa Rica
322,Esteban ,Alvarado,Goalkeeper,17,Costa Rica
323,Randall ,Azofeifa Corrales,Midfielder,17,Costa Rica
324,Cristian ,Bolanos Navarro,Midfielder,17,Costa Rica
325,Celso ,Borges,Midfielder,17,Costa Rica
326,Francisco ,Calvo,Defender,17,Costa Rica
327,Joel ,Campbell,Forward,17,Costa Rica
328,Oscar ,Duarte,Defender,17,Costa Rica
329,Cristian ,Gamboa,Defender/Midfielder,17,Costa Rica
330,Giancarlo ,Gonzalez,Defender,17,Costa Rica
331,David ,Guzman,Midfielder,17,Costa Rica
332,Ronald ,Matarrita,Midfielder ,17,Costa Rica
333,Allan ,Miranda Albertazzi,Midfielder,17,Costa Rica
334,Keylor ,Navas,Goalkeeper,17,Costa Rica
335,Bryan ,Oviedo,Defender/Midfielder,17,Costa Rica
336,Patrick ,Pemberton,Goalkeeper,17,Costa Rica
337,Bryan ,Ruiz,Midfielder/Forward,17,Costa Rica
338,Yendrick ,Ruiz,Forward,17,Costa Rica
339,Jose ,Salvatierra,Defender,17,Costa Rica
340,Yeltsin ,Tejeda,Midfielder,17,Costa Rica
341,Marco ,Urena,Forward,17,Costa Rica
342,Johan ,Venegas,Forward,17,Costa Rica
343,Rodney ,Wallace,Midfielder,17,Costa Rica
344,Kendall ,Waston,Defender,17,Costa Rica
345,Dairon ,Blanco,Midfielder,18,Cuba
346,Roberney ,Caballero,Midfielder,18,Cuba
347,Duxney ,Espinoza,Forward,18,Cuba
348,Carlos Domingo ,Francisco,Defender,18,Cuba
349,Eddy ,Gelkis Olivares Ibáñez,Forward,18,Cuba
350,Alberto ,Gomez,Midfielder,18,Cuba
351,Arichel ,Hernandez,Midfielder ,18,Cuba
352,Yasmani ,Lopez,Defender,18,Cuba
353,Daniel ,Luis Saez,Midfielder ,18,Cuba
354,Yaisnier ,Napoles,Defender ,18,Cuba
355,Roberto ,Peraza,Midfielder,18,Cuba
356,Yosel ,Piedra,Defender,18,Cuba
357,Maikel ,Reyes,Forward ,18,Cuba
358,Sandy ,Sanchez,Goalkeeper ,18,Cuba
359,David ,Urgelles,Defender ,18,Cuba
360,Peter ,Ankersen,Defender,20,Denmark
361,Andreas ,Christensen,Defender,20,Denmark
362,Andreas ,Cornelius,Forward,20,Denmark
363,Thomas ,Delaney,Midfielder,20,Denmark
364,Riza ,Durmisi,Defender,20,Denmark
365,Christian ,Eriksen,Midfielder,20,Denmark
366,Viktor ,Fischer,Midfielder/Forward,20,Denmark
367,Pierre-Emile ,Hojbjerg,Midfielder,20,Denmark
368,Mathias ,Jorgensen,Defender,20,Denmark
369,Nicolai ,Jorgensen,Forward,20,Denmark
370,Simon ,Kjaer,Defender,20,Denmark
371,William ,Kvist,Midfielder,20,Denmark
372,Jens Stryger ,Larsen,Defender,20,Denmark
373,Yussuf ,Poulsen,Forward,20,Denmark
374,Frederik Riss ,Ronnow,Goalkeeper,20,Denmark
375,Kasper ,Schmeichel,Goalkeeper,20,Denmark
376,Pione ,Sisto,Midfielder,20,Denmark
377,Jannik ,Vestergaard,Defender,20,Denmark
378,Daniel ,Wass,Defender,20,Denmark
379,Gabriel ,Achilier,Defender,21,Ecuador
380,Michael ,Arroyo,Midfielder,21,Ecuador
381,Jaime ,Ayovi,Forward,21,Ecuador
382,Walter ,Ayovi,Defender/Midfielder,21,Ecuador
383,Miller ,Bolanos,Midfielder,21,Ecuador
384,Felipe ,Caicedo,Forward,21,Ecuador
385,Luis ,Caicedo,Midfielder,21,Ecuador
386,Juan ,Cazares,Midfielder,21,Ecuador
387,Alexander ,Dominguez,Goalkeeper,21,Ecuador
388,Esteban ,Dreer,Goalkeeper,21,Ecuador
389,Fernando ,Gaibor,Midfielder,21,Ecuador
390,Carlos ,Gruezo,Midfielder,21,Ecuador
391,Renato ,Ibarra,Midfielder/Forward,21,Ecuador
392,Fidel ,Martinez,Midfielder,21,Ecuador
393,Ángel ,Mena,Midfielder,21,Ecuador
394,Arturo ,Mina Meza,Defender,21,Ecuador
395,Jefferson ,Montero,Midfielder/Forward,21,Ecuador
396,Christian ,Noboa,Midfielder,21,Ecuador
397,Jefferson ,Orejuela,Midfielder,21,Ecuador
398,Matias ,Oyola,Midfielder,21,Ecuador
399,Juan Carlos ,Paredes,Defender/Midfielder,21,Ecuador
400,Pedro ,Quinonez,Midfielder,21,Ecuador
401,Cristian ,Ramirez,Defender,21,Ecuador
402,Antonio ,Valencia,Defender/Midfielder,21,Ecuador
403,Enner ,Valencia,Forward,21,Ecuador
404,Mohamed ,Abdel Shafy,Defender ,22,Egypt
405,Essam ,El-Hadary,Goalkeeper,22,Egypt
406,Abdallah ,El-Said,Midfielder ,22,Egypt
407,Mohamed ,Elneny,Midfielder,22,Egypt
408,Omar ,Gaber,Midfielder ,22,Egypt
409,Ali ,Gabr,Defender ,22,Egypt
410,Islam ,Gamal,Midfielder,22,Egypt
411,Tarek ,Hamed,Midfielder ,22,Egypt
412,Ahmed ,Hassan,Forward,22,Egypt
413,Basem ,Morsy,Forward ,22,Egypt
414,Mohamed ,Salah,Midfielder,22,Egypt
415,Ramadan ,Sobhi,Midfielder,22,Egypt
416, ,Trezeguet,Midfielder,22,Egypt
417,Jaime ,Alas,Midfielder,23,El Salvador
418,Óscar ,Arroyo,Goalkeeper ,23,El Salvador
419,Juan ,Barahona,Defender,23,El Salvador
420,Nelson ,Bonilla,Forward,23,El Salvador
421,Darwin ,Ceren,Midfielder,23,El Salvador
422,Óscar ,Ceren,Midfielder,23,El Salvador
423,Roberto ,Dominguez,Midfielder,23,El Salvador
424,Andres ,Flores Jaco,Forward,23,El Salvador
425,Andres ,Flores Mejia,Forward,23,El Salvador
426,Moises Xavier ,Garcia,Defender,23,El Salvador
427,Alexander ,Larin,Defender,23,El Salvador
428,Gerson ,Mayen,Midfielder,23,El Salvador
429,Alexander ,Mendoza,Defender,23,El Salvador
430,Richard ,Menjivar,Midfielder,23,El Salvador
431,Denis ,Pineda,Forward,23,El Salvador
432,Pablo ,Punyed,Midfielder,23,El Salvador
433,Henry ,Romero,Midfielder,23,El Salvador
434,Bryan ,Tamacas,Defender,23,El Salvador
435,Dele ,Alli,Midfielder,24,England
436,Ryan ,Bertrand,Defender/Midfielder,24,England
437,Gary ,Cahill,Defender/Centre back,24,England
438,Eric ,Dier,Defender/Midfielder,24,England
439,Joe ,Hart,Goalkeeper,24,England
440,Jordan ,Henderson,Midfielder,24,England
441,Harry ,Kane,Forward,24,England
442,Adam ,Lallana,Midfielder/Forward,24,England
443,Jesse ,Lingard,Midfielder,24,England
444,Marcus ,Rashford,Forward,24,England
445,Wayne ,Rooney,Forward,24,England
446,Danny ,Rose,Defender/Midfielder,24,England
447,Raheem ,Sterling,Midfielder/Forward,24,England
448,John ,Stones,Defender,24,England
449,Daniel ,Sturridge,Forward,24,England
450,Andros ,Townsend,Midfielder,24,England
451,Jamie ,Vardy,Forward,24,England
452,Theo ,Walcott,Forward,24,England
453,Kyle ,Walker,Defender,24,England
454,Mihkel ,Aksalu,Goalkeeper,25,Estonia
455,Hannes ,Anier,Forward,25,Estonia
456,Henri ,Anier,Forward,25,Estonia
457,Ilja ,Antonov,Midfielder,25,Estonia
458,Nikita ,Baranov,Defender,25,Estonia
459,Aleksandr ,Dmitrijev,Midfielder,25,Estonia
460,Maksim ,Gussev,Midfielder,25,Estonia
461,Mattias  ,Käit,Midfielder,25,Estonia
462,Ken ,Kallaste,Defender,25,Estonia
463,Gert ,Kams,Midfielder,25,Estonia
464,Ragnar ,Klavan,Defender,25,Estonia
465,Dmitri ,Kruglov,Defender,25,Estonia
466,Brent ,Lepistu,Midfielder,25,Estonia
467,Siim ,Luts,Midfielder,25,Estonia
468,Paval ,Marin,Midfielder,25,Estonia
469,Karol ,Mets,Defender,25,Estonia
470,Sergei ,Mosnikov,Midfielder,25,Estonia
471,Henrik ,Ojamaa,Forward,25,Estonia
472,Artur ,Pikk,Defender,25,Estonia
473,Ats ,Purje,Forward,25,Estonia
474,Rauno ,Sappinen,Midfielder,25,Estonia
475,Taijo ,Teniste,Midfielder,25,Estonia
476,Konstantin ,Vassiljev,Midfielder,25,Estonia
477,Sergei ,Zenjov,Forward,25,Estonia
478,Paulus ,Arajuuri,Defender,26,Finland
479,Kari ,Arkivuo,Defender/Midfielder,26,Finland
480,Roman ,Eremenko,Midfielder,26,Finland
481,Markus ,Halsti,Defender,26,Finland
482,Kasper ,Hamalainen,Midfielder,26,Finland
483,Perparim ,Hetemaj,Midfielder,26,Finland
484,Lucas ,Hradecky,Goalkeeper,26,Finland
485,Thomas ,Lam,Defender,26,Finland
486,Robin ,Lod,Midfielder,26,Finland
487,Eero ,Markkanen,Forward,26,Finland
488,Sakari ,Mattila,Defender/Midfielder,26,Finland
489,Niklas ,Moisander,Defender/Midfielder,26,Finland
490,Juhani ,Ojala,Defender,26,Finland
491,Joel ,Pohjanpalo,Forward,26,Finland
492,Teemu ,Pukki,Forward,26,Finland
493,Jukka ,Raitala,Defender,26,Finland
494,Alexander ,Ring,Midfielder,26,Finland
495,Roope ,Riski,Forward,26,Finland
496,Janne ,Saksela,Midfielder,26,Finland
497,Rasmus ,Schuller,Midfielder,26,Finland
498,Jere ,Uronen,Defender,26,Finland
499,Sauli ,Vaisanen,Defender,26,Finland
500,Ousmane ,Dembele,Midfielder,27,France
501,Lucas ,Digne,Defender,27,France
502,Nabil ,Fekir,Midfielder,27,France
503,Kevin ,Gameiro,Forward,27,France
504,Andre-Pierre ,Gignac,Midfielder,27,France
505,Olivier ,Giroud,Forward,27,France
506,Antoine ,Griezmann,Midfielder/Forward,27,France
507,N'Golo ,Kante,Midfielder,27,France
508,Laurent ,Koscielny,Defender,27,France
509,Layvin ,Kurzawa,Defender,27,France
510,Hugo ,Lloris,Goalkeeper,27,France
511,Steve ,Mandanda,Goalkeeper,27,France
512,Anthony ,Martial,Forward,27,France
513,Blaise ,Matuidi,Midfielder,27,France
514,Dimitri ,Payet,Midfielder,27,France
515,Paul ,Pogba,Midfielder,27,France
516,Bakary ,Sagna,Defender,27,France
517,Djibril ,Sidibe,Defender,27,France
518,Moussa ,Sissoko,Midfielder,27,France
519,Samuel ,Umtiti,Defender,27,France
520,Raphael ,Varane,Defender,27,France
521,Karim ,Bellarabi,Midfielder,28,Germany
522,Jerome ,Boateng,Defender,28,Germany
523,Julian ,Brandt,Midfielder,28,Germany
524,Julian ,Draxler,Midfielder,28,Germany
525,Mario ,Gotze,Midfielder/Forward,28,Germany
526,Jonas ,Hector,Defender,28,Germany
527,Benedikt ,Howedes,Defender,28,Germany
528,Mats ,Hummels,Defender,28,Germany
529, ,Ilkay Gundogan,Midfielder,28,Germany
530,Sami ,Khedira,Midfielder,28,Germany
531,Joshua ,Kimmich,Midfielder,28,Germany
532,Toni ,Kroos,Midfielder,28,Germany
533,Bernd ,Leno,Goalkeeper,28,Germany
534,  ,Mesut Ozil,Midfielder,28,Germany
535,Max ,Meyer,Midfielder,28,Germany
536,Thomas ,Muller,Midfielder,28,Germany
537,Shkodran ,Mustafi,Defender,28,Germany
538,Manuel ,Neuer,Goalkeeper,28,Germany
539,Bastian ,Schweinsteiger,Midfielder,28,Germany
540,Niklas ,Sule,Defender,28,Germany
541,Jonathan ,Tah,Defender,28,Germany
542,Marc-Andre ,ter Stegen,Goalkeeper,28,Germany
543,Kevin ,Volland,Forward,28,Germany
544,Julian ,Weigl,Midfielder,28,Germany
545,David ,Accam,Forward,29,Ghana
546,Frank ,Acheampong,Forward,29,Ghana
547,Afriyie ,Acquah,Midfielder,29,Ghana
548,Enoch Kofi ,Adu,Midfielder,29,Ghana
549,Harrison ,Afful,Defender,29,Ghana
550,Emmanuel ,Agyemang-Badu,Midfielder,29,Ghana
551,Daniel ,Amartey,Defender/Midfielder,29,Ghana
552,Christian ,Atsu,Midfielder,29,Ghana
553,Andre ,Ayew,Midfielder/Forward,29,Ghana
554,Jordan ,Ayew,Forward,29,Ghana
555,John ,Boye,Defender,29,Ghana
556,Razak ,Brimah,Goalkeeper,29,Ghana
557,Alfred ,Duncan,Midfielder,29,Ghana
558,Asamoah ,Gyan,Forward,29,Ghana
559,Edwin ,Gyimah,Midfielder,29,Ghana
560,Gilbert ,Koomson,Midfielder,29,Ghana
561,Adam ,Kwarasey,Goalkeeper,29,Ghana
562,Jonathan ,Mensah,Defender,29,Ghana
563,Wakaso ,Mubarak,Midfielder,29,Ghana
564,Thomas ,Partey,Midfielder,29,Ghana
565,Baba ,Rahman,Defender,29,Ghana
566,Jeff ,Schlupp,Defender/Midfielder,29,Ghana
567,Samuel ,Tetteh,Forward,29,Ghana
568,Thomas ,Teye,Midfielder,29,Ghana
569,Abdul Majeed ,Waris,Forward,29,Ghana
570,Anastasios ,Bakasetas,Forward,30,Greece
571,Konstantinos ,Fortounis,Midfielder,30,Greece
572,Giannis ,Gianniotas,Midfielder,30,Greece
573,Jose ,Holebas,Defender,30,Greece
574,Stefanos ,Kapino,Goalkeeper,30,Greece
575,Nikos ,Karelis,Forward,30,Greece
576,Orestis ,Karnezis,Goalkeeper,30,Greece
577,Petros ,Mandalos,Midfielder,30,Greece
578,Giannis ,Maniatis,Defender,30,Greece
579,Kostas ,Manolas,Defender,30,Greece
580,Kostas ,Mitroglou,Forward,30,Greece
581,Marios ,Oikonomou,Defender,30,Greece
582,Kyriakos ,Papadopoulos,Defender,30,Greece
583,Sokratis ,Papastathopoulos,Defender,30,Greece
584,Andreas ,Samaris,Midfielder,30,Greece
585,Kostas ,Stafylidis,Defender,30,Greece
586,Panagiotis ,Tachtsidis,Midfielder,30,Greece
587,Vassilis ,Torosidis,Defender,30,Greece
588,Giorgos ,Tzavellas,Defender,30,Greece
589,Alexandros ,Tziolis,Midfielder,30,Greece
590,Apostolos ,Vellios,Forward,30,Greece
591,Jairo ,Arreola,Forward,31,Guatemala
592,Luis ,Cardona,Defender,31,Guatemala
593,Mario ,Castellanos,Forward,31,Guatemala
594,Jose Manuel ,Contreras,Midfielder,31,Guatemala
595,Edi Danilo ,Guerra,Forward,31,Guatemala
596,Ricardo ,Jerez,Goalkeeper,31,Guatemala
597,Cristian ,Jiménez,Defender,31,Guatemala
598,Wilson ,Lalin,Defender,31,Guatemala
599,Hamilton ,Lopez,Defender,31,Guatemala
600,Jean ,Marquez,Midfielder,31,Guatemala
601,Víctor Alexis ,Matta,Midfielder,31,Guatemala
602,Carlos ,Mejia,Defender,31,Guatemala
603,Rafael ,Morales,Defender,31,Guatemala
604,Paulo Cesar ,Motta,Goalkeeper,31,Guatemala
605,Marco  ,Pappa,Forward,31,Guatemala
606,Jefrey ,Payeras,Defender,31,Guatemala
607,Jose  ,Rosales,Midfielder,31,Guatemala
608,Carlos ,Ruiz,Forward,31,Guatemala
609,Rodrigo ,Saravia,Midfielder,31,Guatemala
610,Gerson ,Tinoco,Forward,31,Guatemala
611,Ricardo ,Ade,Defender,32,Haiti
612,Kervens ,Belfort,Forward,32,Haiti
613,Arcus ,Carlens,Defender,32,Haiti
614,Steward ,Ceus,Goalkeeper ,32,Haiti
615,Ronando ,Damus,Forward,32,Haiti
616,Andy ,Delice,Defender,32,Haiti
617,Junior ,Delva,Midfielder ,32,Haiti
618,Jonel ,Desire,Forward,32,Haiti
619,Charles ,Herold,Midfielder,32,Haiti
620,Max ,Hilaire,Midfielder,32,Haiti
621,Mechack ,Jerome,Defender,32,Haiti
622,Kevin ,Lafrance,Defender,32,Haiti
623,Roberto ,Louima,Forward ,32,Haiti
624,Duckens ,Nazon,Forward,32,Haiti
625,Pierre ,Paulson,Midfielder,32,Haiti
626,Johnny ,Placide,Goalkeeper,32,Haiti
627,Sebastien ,Thuriere,Midfielder,32,Haiti
628,Fabien ,Vorbe,Midfielder,32,Haiti
629,Bryan ,Acosta,Defender,33,Honduras
630,Brayan ,Beckeles,Defender,33,Honduras
631,Jorge ,Claros,Midfielder,33,Honduras
632,Carlos ,Discua,Midfielder,33,Honduras
633,Alberth ,Elis,Forward,33,Honduras
634,Donis ,Escober,Goalkeeper,33,Honduras
635,Maynor ,Figueroa,Defender,33,Honduras
636,Boniek ,Garcia,Midfielder,33,Honduras
637,Bryan ,Garcia,Defender ,33,Honduras
638,Eddie ,Hernandez,Forward ,33,Honduras
639,Emilio ,Izaguirre,Defender,33,Honduras
640,Johnny ,Leveron,Defender,33,Honduras
641,Anthony ,Lozano,Forward,33,Honduras
642,Mario ,Martinez,Midfielder,33,Honduras
643,Jonathan ,Mejia,Forward,33,Honduras
644,Oliver ,Morazan,Midfielder,33,Honduras
645,Johnny ,Palacios,Defender,33,Honduras
646,Romell ,Quioto,Forward,33,Honduras
647,Alexander ,Akande,Forward,34,Hong Kong
648,Christian Kwesi ,Annon,Forward,34,Hong Kong
649,Festus ,Baise,Midfielder,34,Hong Kong
650,KI ,Chan Siu,Forward,34,Hong Kong
651,KWAN ,Chan Siu,Midfielder,34,Hong Kong
652,HO ,Chan Wai,Defender,34,Hong Kong
653,FUNG ,Cheung Kin,Defender,34,Hong Kong
654,Tan ,Chun Lok,Midfielder,34,Hong Kong
655,XU ,De Shuai,Midfielder,34,Hong Kong
656,Helio ,Goncalves,Defender,34,Hong Kong
657,BAI ,He,Midfielder,34,Hong Kong
658,YAPP ,Hung-fai,Goalkeeper,34,Hong Kong
659, ,Itaparica,Midfielder,34,Hong Kong
660,Godfred ,Karikari,Forward,34,Hong Kong
661,Jean-Jacques ,Kilama,Defender,34,Hong Kong
662,CHENG ,King Ho,Midfielder,34,Hong Kong
663,WAI ,Lam Ka,Midfielder,34,Hong Kong
664,HO ,Lee Chi,Defender,34,Hong Kong
665,Alessandro ,Leonardo,Forward,34,Hong Kong
666,PONG ,Leung Chun,Midfielder,34,Hong Kong
667,YEE ,Lo Kwan,Defender,34,Hong Kong
668,Jaimes ,McKee,Forward,34,Hong Kong
669,Andy ,Nagelein,Defender,34,Hong Kong
670, ,Paulinho,Forward,34,Hong Kong
671, ,Roberto Orlando,Defender,34,Hong Kong
672,Andy ,Russell,Defender,34,Hong Kong
673, ,Sandro,Forward,34,Hong Kong
674,Jack ,Sealy,Defender,34,Hong Kong
675,HUANG ,Yang,Midfielder,34,Hong Kong
676,JU ,Ying Zhi,Midfielder,34,Hong Kong
677,WANG ,Zhenpeng,Goalkeeper,34,Hong Kong
678,Bernabas ,Bese,Defender,35,Hungary
679,Balasz ,Dzsudzsak,Midfielder,35,Hungary
680,Akos ,Elek,Midfielder,35,Hungary
681,Attila ,Fiola,Defender,35,Hungary
682,Zoltan ,Gera,Midfielder,35,Hungary
683,Peter ,Gulacsi,Goalkeeper,35,Hungary
684,Richard ,Guzmics,Defender,35,Hungary
685,Adam ,Gyurcso,Forward,35,Hungary
686,Tamas ,Kadar,Defender,35,Hungary
687,Laszlo ,Kleinheisler,Midfielder,35,Hungary
688,Mihaly ,Korhut,Defender,35,Hungary
689,Adam ,Lang,Defender,35,Hungary
690,Adam ,Nagy,Midfielder,35,Hungary
691,Dominik ,Nagy,Midfielder,35,Hungary
692,Krisztian ,Nemeth,Forward,35,Hungary
693,Nemanja ,Nikolic,Forward,35,Hungary
694,Tamas ,Priskin,Forward,35,Hungary
695,Zoltan ,Stieber,Midfielder,35,Hungary
696,Adam ,Szalai,Forward,35,Hungary
697,Mate ,Vida,Midfielder,35,Hungary
698,Hordur ,Arnason,Defender,36,Iceland
699,Kari ,Arnason,Defender/Midfielder,36,Iceland
700,Birkir ,Bjarnason,Midfielder,36,Iceland
701,Elmar ,Bjarnason,Midfielder,36,Iceland
702,Jon Dadi ,Bodvarsson,Forward,36,Iceland
703,Alfred ,Finnbogason,Forward,36,Iceland
704,Johann Berg ,Gudmundsson,Midfielder/Forward,36,Iceland
705,Aron ,Gunnarsson,Midfielder,36,Iceland
706,Hannes ,Halldorsson,Goalkeeper,36,Iceland
707,Emil ,Hallfredsson,Midfielder,36,Iceland
708,Vidar Orn ,Kjartansson,Forward,36,Iceland
709,Ogmundur ,Kristinsson,Goalkeeper,36,Iceland
710,Hordur ,Magnusson,Defender,36,Iceland
711,Birkir ,Saevarsson,Defender,36,Iceland
712,Aron ,Sigurdarson,Midfielder,36,Iceland
713,Bjorn ,Sigurdarson,Forward,36,Iceland
714,Gylfi ,Sigurdsson,Midfielder,36,Iceland
715,Ragnar ,Sigurdsson,Defender,36,Iceland
716,Ari ,Skulason,Midfielder,36,Iceland
717,Arnor Ingvi ,Traustason,Midfielder,36,Iceland
718,Vahid ,Amiri,Forward,37,Iran
719,Karim ,Ansarifard,Midfielder,37,Iran
720,Sardar ,Azmoun,Forward,37,Iran
721,Alireza ,Beiranvand,Goalkeeper,37,Iran
722,Ashkan ,Dejagah,Midfielder/Forward,37,Iran
723,Saeid ,Ezatolahi Afagh,Midfielder,37,Iran
724,Reza ,Ghoochannejhad,Forward,37,Iran
725,Ehsan ,Hajisafi,Midfielder,37,Iran
726,Jalal ,Hosseini,Defender,37,Iran
727,Alireza ,Jahanbakhsh,Midfielder,37,Iran
728,Milad ,Mohammadi,Defender,37,Iran
729,Pejman ,Montazeri,Defender,37,Iran
730,Morteza ,Pouraliganji,Defender,37,Iran
731,Ramin ,Rezaian,Defender,37,Iran
732,Masoud ,Shojaei,Midfielder,37,Iran
733,Mehdi ,Taremi,Forward,37,Iran
734,Andranik ,Teymourian,Midfielder,37,Iran
735,Mehdi ,Torabi,Defender/Midfielder,37,Iran
736,Ahmad ,Abbas,Midfielder,38,Iraq
737,Saad ,Abdul Amir,Midfielder,38,Iraq
738,Mohannad ,Abdul Raheem,Forward,38,Iraq
739,Alaa ,Abdul Zahra,Midfielder,38,Iraq
740,Ali ,Adnan,Defender,38,Iraq
741,Saad ,Al Zirjawi,Midfielder,38,Iraq
742,Amjed ,Attwan Kadhim,Forward,38,Iraq
743,Ali ,Faez,Defender,38,Iraq
744,Mohammed ,Hameed,Goalkeeper,38,Iraq
745,Ali ,Husni Faisal,Midfielder,38,Iraq
746,Ahmad ,Ibrahim,Defender,38,Iraq
747,Dhurgham ,Ismail,Defender,38,Iraq
748,Karrar ,Jassim,Midfielder,38,Iraq
749,Mahdi ,Kamel,Midfielder,38,Iraq
750,Yaser ,Kasim,Midfielder,38,Iraq
751,Justin ,Meram,Forward,38,Iraq
752,Alaa Ali ,Mhawi,Defender,38,Iraq
753,Mustafa ,Nadhim,Defender,38,Iraq
754,Saad Natiq ,Naji,Defender,38,Iraq
755,Bashar ,Rasan,Midfielder,38,Iraq
756,Waleed ,Salem,Defender,38,Iraq
757,Mohammed Jabbar ,Shwkan,Forward,38,Iraq
758,Amjad ,Waleed,Midfielder,38,Iraq
759,Ahmed ,Yasin,Midfielder,38,Iraq
760,Ahmad ,Abed,Forward,39,Israel
761,Omer ,Atzili,Forward,39,Israel
762,Tal ,Ben Haim,Defender,39,Israel
763,Tal ,Ben Haim II,Forward,39,Israel
764,Omri ,Ben Harush,Defender,39,Israel
765,Ben ,Bitton,Defender,39,Israel
766,Nir ,Bitton,Midfielder,39,Israel
767,Maor ,Buzaglo,Forward,39,Israel
768,Almog ,Cohen,Midfielder,39,Israel
769,Moanes ,Dabour,Forward,39,Israel
770,Elazar ,Dasa,Defender,39,Israel
771,Ofir ,Davidzada,Defender,39,Israel
772,Dan ,Einbinder,Midfielder,39,Israel
773,Rami ,Gershon,Defender,39,Israel
774,Eyal ,Golasa,Midfielder,39,Israel
775,David ,Goresh,Goalkeeper,39,Israel
776,Tomer ,Hemed,Forward,39,Israel
777,Beram ,Kayal,Midfielder,39,Israel
778,Roi ,Kehat,Forward,39,Israel
779,Eytan ,Tibi,Defender,39,Israel
780,Shir ,Tzedek,Defender,39,Israel
781,Sheran ,Yeini,Midfielder,39,Israel
782,Eran ,Zahavi,Midfielder/Forward,39,Israel
783,Luca ,Antonelli,Defender,40,Italy
784,Davide ,Astori,Defender,40,Italy
785,Andrea ,Barzagli,Defender,40,Italy
786,Andrea ,Belotti,Forward,40,Italy
787,Federico ,Bernardeschi,Midfielder/Forward,40,Italy
788,Giacomo ,Bonaventura,Midfielder,40,Italy
789,Leonardo ,Bonucci,Defender,40,Italy
790,Gianluigi ,Buffon,Goalkeeper,40,Italy
791,Antonio ,Candreva,Midfielder,40,Italy
792,Giorgio ,Chiellini,Defender,40,Italy
793,Daniele ,De Rossi,Midfielder,40,Italy
794,Mattia ,De Sciglio,Defender,40,Italy
795,Gianluigi ,Donnarumma,Goalkeeper,40,Italy
796, ,Eder,Forward,40,Italy
797,Alessandro ,Florenzi,Midfielder,40,Italy
798,Ciro ,Immobile,Forward,40,Italy
799,Riccardo ,Montolivo,Midfielder,40,Italy
800,Angelo ,Ogbonna,Defender,40,Italy
801,Marco ,Parolo,Midfielder,40,Italy
802,Graziano ,Pelle,Forward,40,Italy
803,Alessio ,Romagnoli,Defender,40,Italy
804,Daniele ,Rugani,Defender,40,Italy
805,Nicola ,Sansone,Forward,40,Italy
806,Marco ,Verratti,Midfielder,40,Italy
807,Serge ,Aurier,Defender,41,Ivory Coast
808,Eric ,Bailly,Defender,41,Ivory Coast
809,Wilfried ,Bony,Forward,41,Ivory Coast
810,Serey ,Die,Midfielder,41,Ivory Coast
811,Sylvain ,Gbohouo,Goalkeeper,41,Ivory Coast
812, ,Gervinho,Forward,41,Ivory Coast
813,Max ,Gradel,Midfielder,41,Ivory Coast
814,Cheick ,Kader Doukoure,Midfielder,41,Ivory Coast
815,Wilfried ,Kanon,Defender,41,Ivory Coast
816,Franck ,Kessie,Midfielder,41,Ivory Coast
817,Jonathan ,Kodjia,Forward,41,Ivory Coast
818,Lamine ,Kone,Defender,41,Ivory Coast
819,Jean ,Seri,Midfielder,41,Ivory Coast
820,Giovanni ,Sio,Forward,41,Ivory Coast
821,Rodolph ,Austin,Defender/Midfielder,42,Jamaica
822,Giles ,Barnes,Forward,42,Jamaica
823,Andre ,Blake,Goalkeeper,42,Jamaica
824,Cory ,Burke,Forward,42,Jamaica
825,Simon ,Dawkins,Midfielder/Forward,42,Jamaica
826,Clayton ,Donaldson,Forward,42,Jamaica
827,Shaun ,Francis,Defender,42,Jamaica
828,Rosario ,Harriott,Defender,42,Jamaica
829,Michael ,Hector,Defender,42,Jamaica
830,Omar ,Holness,Midfielder ,42,Jamaica
831,Kemar ,Lawrence,Defender,42,Jamaica
832,Adrian ,Mariappa,Defender/Centre back,42,Jamaica
833,Jobi ,McAnuff,Midfielder,42,Jamaica
834,Garath ,McCleary,Midfielder/Forward,42,Jamaica
835,Wes ,Morgan,Defender,42,Jamaica
836,Dever ,Orgill,Forward ,42,Jamaica
837,Alvas ,Powell,Defender,42,Jamaica
838,Jermaine ,Taylor,Defender,42,Jamaica
839,Jevaughn ,Watson,Midfielder,42,Jamaica
840,Lee ,Williamson,Midfielder,42,Jamaica
841,Takuma ,Asano,Forward,43,Japan
842,Genki ,Haraguchi,Midfielder,43,Japan
843,Makoto ,Hasebe,Midfielder,43,Japan
844,Keisuke ,Honda,Midfielder,43,Japan
845,Shinji ,Kagawa,Midfielder,43,Japan
846,Yosuke ,Kashiwagi,Midfielder,43,Japan
847,Hiroshi ,Kiyotake,Forward,43,Japan
848,Yu ,Kobayashi,Forward,43,Japan
849,Yuki ,Kobayashi,Midfielder,43,Japan
850,Tomoaki ,Makino,Midfielder,43,Japan
851,Yuichi ,Maruyama,Defender,43,Japan
852,Masato ,Morishige,Defender,43,Japan
853,Yoshinori ,Muto,Midfielder,43,Japan
854,Shusaku ,Nishikawa,Goalkeeper,43,Japan
855,Shinji ,Okazaki,Forward,43,Japan
856,Ryota ,Oshima,Midfielder,43,Japan
857,Gotoku ,Sakai,Defender/Midfielder,43,Japan
858,Hiroki ,Sakai,Defender,43,Japan
859,Takashi ,Usami,Midfielder,43,Japan
860,Hotaru ,Yamaguchi,Midfielder,43,Japan
861,Maya ,Yoshida,Defender,43,Japan
862,Mitsunori ,Yoshida,Midfielder,43,Japan
863,AN ,Byong-Jun,Forward,44,Korea DPR
864,RI ,Chol-Myong,Midfielder,44,Korea DPR
865,RI ,Chon-Il,Defender,44,Korea DPR
866,RO ,Hak-Su,Defender,44,Korea DPR
867,RI ,Hyok-Chol,Forward,44,Korea DPR
868,SIM ,Hyon-Jin,Defender,44,Korea DPR
869,SO ,Hyon-Uk,Midfielder,44,Korea DPR
870,JONG ,Il-Gwan,Forward,44,Korea DPR
871,KIM ,Ju-Song,Forward,44,Korea DPR
872,JANG ,Kuk-Chol,Midfielder,44,Korea DPR
873,KANG ,Kuk-Chol,Defender,44,Korea DPR
874,RI ,Kum-Chol,Midfielder,44,Korea DPR
875,JON ,Kwang-Ik,Defender,44,Korea DPR
876,PAK ,Kwang-Ryong,Forward,44,Korea DPR
877,SO ,Kyong-Jin,Midfielder,44,Korea DPR
878,RI ,Myong Guk,Goalkeeper,44,Korea DPR
879,KIM ,Myong-Gil,Goalkeeper,44,Korea DPR
880,PAK ,Myong-Song,Midfielder,44,Korea DPR
881,Kim ,Song Gi,Defender,44,Korea DPR
882,RI ,Yong-Chol,Defender,44,Korea DPR
883,Kim ,Yong-Gwang,Forward,44,Korea DPR
884,KIM ,Yong-Ill,Midfielder,44,Korea DPR
885,RI ,Yong-Jik,Midfielder,44,Korea DPR
886,KIM ,Bo-Kyung,Midfielder,45,Korea Republic
887,HONG ,Chul,Defender,45,Korea Republic
888,LEE ,Chung-Yong,Midfielder/Forward,45,Korea Republic
889,JI ,Dong-Won,Forward,45,Korea Republic
890,Hwang ,Hee-Chan,Forward,45,Korea Republic
891,SON ,Heung-Min,Midfielder/Forward,45,Korea Republic
892,SUK ,Hyun-Jun,Forward,45,Korea Republic
893,JANG ,Hyun-Soo,Defender,45,Korea Republic
894,KOO ,Ja-Cheol,Midfielder,45,Korea Republic
895,Oh ,Jae-Suk,Defender,45,Korea Republic
896,LEE ,Jae-Sung,Midfielder,45,Korea Republic
897,HONG ,Jeong-Ho,Defender,45,Korea Republic
898,LEE ,Jung-Soo,Defender,45,Korea Republic
899,KIM ,Ki-Hee,Midfielder,45,Korea Republic
900,HAN ,Kook-Young,Midfielder,45,Korea Republic
901,Chang-Hoon ,Kwon,Midfielder,45,Korea Republic
902,KIM ,Seung-Gyu,Goalkeeper,45,Korea Republic
903,KIM ,Shin-Wook,Forward,45,Korea Republic
904,JUNG ,Sung-Ryong,Goalkeeper,45,Korea Republic
905,KI ,Sung-Yueng,Midfielder,45,Korea Republic
906,KWAK ,Tae-Hwi,Defender,45,Korea Republic
907,JUNG ,Woo-Young,Midfielder,45,Korea Republic
908,LEE ,Yong,Defender,45,Korea Republic
909,KIM ,Young-Gwon,Defender,45,Korea Republic
910,Vytautas ,Andriuskevicius,Defender,46,Lithuania
911,Fiodor ,Cernych,Forward,46,Lithuania
912,Karolis ,Chvedukas,Midfielder,46,Lithuania
913,Georgas ,Freidgeimas,Defender,46,Lithuania
914,Edvinas ,Girdvainis,Defender,46,Lithuania
915,Mindaugas ,Grigaravicius,Midfielder,46,Lithuania
916,Mantas ,Kuklys,Midfielder,46,Lithuania
917,Deivydas ,Matulevicius,Forward,46,Lithuania
918,Tomas ,Mikuckis,Defender,46,Lithuania
919,Arvydas ,Novikovas,Forward,46,Lithuania
920,Ernestas ,Setkus,Goalkeeper,46,Lithuania
921,Vaidas ,Slavickas,Defender/Midfielder,46,Lithuania
922,Vykintas ,Slivka,Midfielder,46,Lithuania
923,Egidijus ,Vaitkunas,Defender,46,Lithuania
924,Nerijus ,Valskis,Midfielder,46,Lithuania
925,Arturas ,Zulpa,Midfielder,46,Lithuania
926,Adrian ,Aldrete,Midfielder,47,Mexico
927,Javier ,Aquino,Midfielder,47,Mexico
928,Hugo ,Ayala,Defender,47,Mexico
929,Isaac ,Brizuela,Forward,47,Mexico
930,Jose ,Corona,Goalkeeper,47,Mexico
931,Giovani ,dos Santos,Midfielder/Forward,47,Mexico
932,Jesús ,Dueñas,Midfielder ,47,Mexico
933,Marco ,Fabian,Forward,47,Mexico
934,Jesus Daniel ,Gallardo,Midfielder,47,Mexico
935,Andres ,Guardado,Midfielder,47,Mexico
936,Erick ,Gutierrez,Midfielder ,47,Mexico
937,Elias Hernan ,Hernandez,Midfielder,47,Mexico
938,Hector ,Herrera,Midfielder,47,Mexico
939,Raul ,Jimenez,Forward,47,Mexico
940,Miguel ,Layun,Defender,47,Mexico
941,Hirving ,Lozano,Midfielder ,47,Mexico
942,Hedgardo ,Marin,Defender,47,Mexico
943,Rafael ,Marquez,Defender/Centre back,47,Mexico
944,Jesus ,Molina,Defender,47,Mexico
945,Hector ,Moreno,Defender,47,Mexico
946,Moises ,Munoz,Goalkeeper,47,Mexico
947,Guillermo ,Ochoa,Goalkeeper,47,Mexico
948,Oribe ,Peralta,Forward,47,Mexico
949,Orbelín ,Pineda,Midfielder ,47,Mexico
950,Alan ,Pulido,Forward,47,Mexico
951,Candido ,Ramirez,Midfielder,47,Mexico
952,Diego ,Reyes,Defender,47,Mexico
953,Luis ,Robles,Defender,47,Mexico
954,Angel ,Sepulveda,Forward,47,Mexico
955,Jordan ,Silva,Defender,47,Mexico
956,Alfredo ,Talavera,Goalkeeper,47,Mexico
957,Jorge ,Torres,Defender,47,Mexico
958,Angel ,Zaldivar,Midfielder,47,Mexico
959,Yunis ,Abdelhamid,Defender,48,Morocco
960,Naif ,Aguerd,Defender,48,Morocco
961,Youssef ,Ait Bennasser,Midfielder,48,Morocco
962,Rachid ,Alioui,Forward,48,Morocco
963,Nordin ,Amrabat,Midfielder/Forward,48,Morocco
964,Murad ,Batna,Forward,48,Morocco
965,Younes ,Belhanda,Midfielder,48,Morocco
966,Medhi ,Benatia,Defender,48,Morocco
967,Aziz ,Bouhaddouz,Forward,48,Morocco
968,Yassine ,Bounou,Goalkeeper,48,Morocco
969,Moubarak ,Boussoufa,Midfielder/Forward,48,Morocco
970,Khalid ,Boutaïb,Forward,48,Morocco
971,Medhi ,Carcela-Gonzalez,Midfielder,48,Morocco
972,Fouad ,Chafik,Defender,48,Morocco
973,Aatif ,Chahechouhe,Midfielder,48,Morocco
974,Manuel ,Da Costa,Defender,48,Morocco
975,Nabil ,Dirar,Midfielder,48,Morocco
976,Karim ,El Ahmadi,Midfielder,48,Morocco
977,Youssef ,El Arabi,Forward,48,Morocco
978,Ismail ,El Haddad,Forward,48,Morocco
979,Yassine ,El Kharroubi,Goalkeeper,48,Morocco
980,Youssef ,En Nesyri,Forward,48,Morocco
981,Faycal ,Fajr,Midfielder,48,Morocco
982,Ismail ,H'Maidat,Midfielder,48,Morocco
983,Achraf ,Hakimi,Defender,48,Morocco
984,Achraf ,Lazaar,Defender/Midfielder,48,Morocco
985,Hamza ,Mendyl,Defender,48,Morocco
986,Ryan ,Mmaee,Forward,48,Morocco
987, ,Munir,Goalkeeper,48,Morocco
988,Mounir ,Obbadi,Midfielder,48,Morocco
989,Romain ,Saiss,Midfielder,48,Morocco
990,Oussama ,Tannane,Forward,48,Morocco
991,Hakim ,Ziyech,Midfielder,48,Morocco
992,Steven ,Berghuis,Midfielder,49,Netherlands
993,Daley ,Blind,Defender/Midfielder,49,Netherlands
994,Jeffrey ,Bruma,Defender,49,Netherlands
995,Jordy ,Clasie,Midfielder,49,Netherlands
996,Memphis ,Depay,Midfielder,49,Netherlands
997,Bas ,Dost,Forward,49,Netherlands
998,Jorrit ,Hendrix,Midfielder,49,Netherlands
999,Daryl ,Janmaat,Defender,49,Netherlands
1000,Vincent ,Janssen,Forward,49,Netherlands
1001,Rick ,Karsdorp,Defender,49,Netherlands
1002,Davy ,Klaassen,Forward,49,Netherlands
1003,Luciano ,Narsingh,Midfielder/Forward,49,Netherlands
1004,Quincy ,Promes,Defender/Midfielder,49,Netherlands
1005,Davy ,Propper,Midfielder,49,Netherlands
1006,Wesley ,Sneijder,Midfielder,49,Netherlands
1007,Maarten ,Stekelenburg,Goalkeeper,49,Netherlands
1008,Kevin ,Strootman,Midfielder,49,Netherlands
1009,Virgil ,Van Dijk,Defender,49,Netherlands
1010,Joel ,Veltman,Defender,49,Netherlands
1011,Georginio ,Wijnaldum,Midfielder,49,Netherlands
1012,Jetro ,Willems,Defender,49,Netherlands
1013,Jeroen ,Zoet,Goalkeeper,49,Netherlands
1014,Kosta ,Barbarouses,Forward,50,New Zealand
1015,Michael ,Boxall,Defender,50,New Zealand
1016,Samuel ,Brotherton,Defender,50,New Zealand
1017,Henry ,Cameron,Midfielder,50,New Zealand
1018,Kip ,Colvey,Defender,50,New Zealand
1019,Andrew ,Durante,Defender,50,New Zealand
1020,Moses ,Dyer,Midfielder,50,New Zealand
1021,Rory ,Fallon,Forward,50,New Zealand
1022,Louis ,Fenton,Defender,50,New Zealand
1023,Liam ,Graham,Defender,50,New Zealand
1024,Clayton ,Lewis,Midfielder,50,New Zealand
1025,Stefan ,Marinovic,Goalkeeper,50,New Zealand
1026,Michael ,McGlinchey,Midfielder,50,New Zealand
1027,Monty ,Patterson,Forward,50,New Zealand
1028,Winston ,Reid,Defender/Centre back,50,New Zealand
1029,Matthew ,Ridenton,Midfielder,50,New Zealand
1030,Marco ,Rojas,Midfielder,50,New Zealand
1031,Themistoklis ,Tzimopoulos,Midfielder,50,New Zealand
1032,Chris ,Wood,Forward,50,New Zealand
1033,Deklan ,Wynne,Defender,50,New Zealand
1034,Stuart ,Dallas,Midfielder,51,Northern Ireland
1035,Steven ,Davis,Midfielder,51,Northern Ireland
1036,Corry ,Evans,Defender/Midfielder,51,Northern Ireland
1037,Jonny ,Evans,Defender,51,Northern Ireland
1038,Shane ,Ferguson,Defender/Midfielder,51,Northern Ireland
1039,Lee ,Hodson,Defender,51,Northern Ireland
1040,Aaron ,Hughes,Defender,51,Northern Ireland
1041,Kyle ,Lafferty,Forward,51,Northern Ireland
1042,Josh ,Magennis,Forward,51,Northern Ireland
1043,Gareth ,McAuley,Defender,51,Northern Ireland
1044,Niall ,McGinn,Defender/Midfielder,51,Northern Ireland
1045,Michael ,McGovern,Goalkeeper,51,Northern Ireland
1046,Conor ,McLaughlin,Defender,51,Northern Ireland
1047,Paddy ,McNair,Defender,51,Northern Ireland
1048,Oliver ,Norwood,Midfielder,51,Northern Ireland
1049,Jamie ,Ward,Midfielder/Forward,51,Northern Ireland
1050,Conor ,Washington,Forward,51,Northern Ireland
1051,Mataz ,Abed Raboh,Midfielder,52,Oman
1052,Ali ,Al Busaidi,Midfielder,52,Oman
1053,Eid Mohammed ,Al Farsi,Midfielder,52,Oman
1054,Hussain ,Al Hadhri,Midfielder,52,Oman
1055,Mohsin ,Al Khaldi,Midfielder,52,Oman
1056,Abdul Salam ,Al Mukhaini,Defender,52,Oman
1057,Abdulaziz ,Al Muqbali,Forward,52,Oman
1058,Mahmoud ,Al Mushaifri,Midfielder,52,Oman
1059,Faiyz ,Al Rushaidi,Goalkeeper,52,Oman
1060,Harib ,Al Saadi,Midfielder,52,Oman
1061,Hisham ,Al Shuaibi,Midfielder,52,Oman
1062,Salah ,Al Yahyaei,Midfielder,52,Oman
1063,Nadir ,Bait Mabrouk,Defender,52,Oman
1064,Ahmed  ,Mubarek,Midfielder,52,Oman
1065,Said ,Salam,Forward,52,Oman
1066,Raed Ibrahim ,Saleh,Midfielder,52,Oman
1067,Ahmed ,Abu Nahyeh,Midfielder,53,Palestine
1068,Abu Saleh ,Alaa,Midfielder,53,Palestine
1069,Tawfic ,Ali Abuhammad,Goalkeeper,53,Palestine
1070,Mohammed ,Darwish,Midfielder,53,Palestine
1071,Abdallah ,Gaber,Defender,53,Palestine
1072,Alexis ,Norambuena,Defender,53,Palestine
1073,Yashir ,Pinto,Forward,53,Palestine
1074,Tamer ,Salah,Defender/Midfielder,53,Palestine
1075,Mohammed ,Saleh,Midfielder,53,Palestine
1076,Tamer ,Seyam,Midfielder,53,Palestine
1077,Jonathan ,Zorrilla,Midfielder,53,Palestine
1078,Abdiel ,Arroyo,Forward,54,Panama
1079,Ariano ,Azmahar,Defender,54,Panama
1080,Felipe ,Baloy,Defender,54,Panama
1081,Yoel ,Barcenas,Midfielder,54,Panama
1082,Rolando ,Blackburn,Forward,54,Panama
1083,Ricardo ,Buitrago,Midfielder,54,Panama
1084,Jose de Jesus ,Calderon,Goalkeeper,54,Panama
1085,Miguel ,Camargo,Midfielder,54,Panama
1086,Ricardo ,Clarke,Forward,54,Panama
1087,Armando ,Cooper,Midfielder,54,Panama
1088,Ronaldo Nazario ,Cordoba,Forward,54,Panama
1089,Richard ,Dixon,Defender,54,Panama
1090,Fidel ,Escobar,Defender ,54,Panama
1091,Gabriel ,Gomez,Midfielder,54,Panama
1092,Jose ,Gonzalez ,Forward,54,Panama
1093,Amilcar ,Henriquez Espinosa,Defender,54,Panama
1094,Adolfo ,Machado,Defender,54,Panama
1095,Roderick ,Miller,Defender,54,Panama
1096,Michael Amir ,Murillo Bermudez,Defender,54,Panama
1097,Josiel ,Nunez,Midfielder,54,Panama
1098,Roberto ,Nurse,Forward,54,Panama
1099,Luis ,Ovalle,Defender,54,Panama
1100,Jaime ,Penedo,Goalkeeper,54,Panama
1101,Blas ,Perez,Forward,54,Panama
1102,Alberto ,Quintero,Midfielder,54,Panama
1103,Luis ,Tejada,Forward,54,Panama
1104,Gabriel ,Torres,Forward,54,Panama
1105,Roman ,Torres,Defender,54,Panama
1106,Manuel ,Vargas,Midfielder,54,Panama
1107,Pablo ,Aguilar,Defender,55,Paraguay
1108,Miguel ,Almiron,Midfielder,55,Paraguay
1109,Junior ,Alonso,Defender,55,Paraguay
1110,Victor ,Ayala,Midfielder,55,Paraguay
1111,Diego ,Barreto,Goalkeeper,55,Paraguay
1112,Lucas ,Barrios,Forward,55,Paraguay
1113,Jorge ,Benitez,Forward,55,Paraguay
1114,Salustiano ,Candia,Defender,55,Paraguay
1115,Paulo ,da Silva,Defender,55,Paraguay
1116,Cecilio ,Dominguez,Forward,55,Paraguay
1117,Gustavo ,Gomez,Defender,55,Paraguay
1118,Derlis ,Gonzalez,Forward,55,Paraguay
1119,Dario ,Lezcano,Forward,55,Paraguay
1120,Jorge ,Moreira,Midfielder,55,Paraguay
1121,Nestor ,Ortigoza,Midfielder,55,Paraguay
1122,Celso ,Ortiz,Midfielder,55,Paraguay
1123,Hernan ,Perez,Midfielder,55,Paraguay
1124,Cristian ,Riveros,Midfielder,55,Paraguay
1125,Marcos ,Riveros,Midfielder,55,Paraguay
1126,Rodrigo ,Rojas,Midfielder,55,Paraguay
1127,Angel ,Romero,Forward,55,Paraguay
1128,Oscar ,Romero,Midfielder,55,Paraguay
1129,Federico ,Santander,Forward,55,Paraguay
1130,Bruno ,Valdez,Defender,55,Paraguay
1131,Justo ,Villar,Goalkeeper,55,Paraguay
1132,Luis ,Abram,Defender,56,Peru
1133,Pedro ,Aquino,Midfielder,56,Peru
1134,Miguel ,Araujo,Defender,56,Peru
1135,Irvin ,Avilla,Forward,56,Peru
1136,Cristian ,Benavente,Midfielder,56,Peru
1137,Aldo ,Corzo,Defender,56,Peru
1138,Cristian ,Cueva,Defender/Midfielder,56,Peru
1139,Luiz ,da Silva,Forward,56,Peru
1140,Edison ,Flores,Midfielder,56,Peru
1141,Pedro ,Gallese,Goalkeeper,56,Peru
1142,Paolo ,Guerrero,Forward,56,Peru
1143,Carlos ,Lobaton,Midfielder,56,Peru
1144,Cesar ,Ortiz,Midfielder,56,Peru
1145,Andy ,Polo,Forward,56,Peru
1146,Christian ,Ramos,Defender,56,Peru
1147,Renzo ,Revoredo,Defender,56,Peru
1148,Alberto ,Rodriguez,Defender,56,Peru
1149,Raul ,Ruidiaz,Forward,56,Peru
1150,Joel ,Sanchez,Midfielder,56,Peru
1151,Renato ,Tapia,Defender,56,Peru
1152,Miguel ,Trauco,Defender,56,Peru
1153,Yoshimar ,Yotun,Defender/Midfielder,56,Peru
1154, ,Adrien Silva,Midfielder,57,Portugal
1155, ,Andre Gomes,Midfielder,57,Portugal
1156, ,Andre Silva,Forward,57,Portugal
1157,Vitorino ,Antunes,Defender,57,Portugal
1158, ,Bernardo Silva,Midfielder,57,Portugal
1159, ,Bruno Alves,Defender,57,Portugal
1160, ,Cedric Soares,Defender,57,Portugal
1161, ,Eder,Forward,57,Portugal
1162, ,Eduardo,Goalkeeper,57,Portugal
1163, ,Eliseu,Midfielder,57,Portugal
1164,Jose ,Fonte,Defender,57,Portugal
1165, ,Joao Cancelo,Defender,57,Portugal
1166, ,Joao Mario,Midfielder,57,Portugal
1167, ,Joao Moutinho,Midfielder,57,Portugal
1168,Gelson ,Martins,Forward,57,Portugal
1169, ,Nani,Midfielder,57,Portugal
1170, ,Pepe,Defender/Centre back,57,Portugal
1171, ,Rafa Silva,Midfielder,57,Portugal
1172, ,Raphael Guerreiro,Defender,57,Portugal
1173, ,Ricardo Quaresma,Midfielder,57,Portugal
1174,Cristiano ,Ronaldo,Midfielder/Forward,57,Portugal
1175, ,Rui Patricio,Goalkeeper,57,Portugal
1176, ,William Carvalho,Midfielder,57,Portugal
1177,Harry ,Arter,Midfielder,58,Republic of Ireland
1178,Robbie ,Brady,Defender/Midfielder,58,Republic of Ireland
1179,Cyrus ,Christie,Defender,58,Republic of Ireland
1180,Ciaran ,Clark,Defender/Midfielder,58,Republic of Ireland
1181,Seamus ,Coleman,Defender/Midfielder,58,Republic of Ireland
1182,Shane ,Duffy,Defender/Centre back,58,Republic of Ireland
1183,Jeff ,Hendrick,Midfielder,58,Republic of Ireland
1184,Wes ,Hoolahan,Midfielder,58,Republic of Ireland
1185,Robbie ,Keane,Forward,58,Republic of Ireland
1186,Richard ,Keogh,Defender,58,Republic of Ireland
1187,Shane ,Long,Forward,58,Republic of Ireland
1188,James ,McCarthy,Midfielder,58,Republic of Ireland
1189,James ,McClean,Midfielder/Forward,58,Republic of Ireland
1190,David ,Meyler,Midfielder,58,Republic of Ireland
1191,Daryl ,Murphy,Forward,58,Republic of Ireland
1192,Callum ,O'Dowda,Forward,58,Republic of Ireland
1193,Eunan ,O'Kane,Midfielder,58,Republic of Ireland
1194,John ,O'Shea,Defender,58,Republic of Ireland
1195,Stephen ,Quinn,Midfielder,58,Republic of Ireland
1196,Darren ,Randolph,Goalkeeper,58,Republic of Ireland
1197,Jon ,Walters,Midfielder/Forward,58,Republic of Ireland
1198,Stephen ,Ward,Defender/Midfielder,58,Republic of Ireland
1199,Kieren ,Westwood,Goalkeeper,58,Republic of Ireland
1200,Glenn ,Whelan,Midfielder,58,Republic of Ireland
1201,Marc ,Wilson,Defender/Midfielder,58,Republic of Ireland
1202,Florin ,Andone,Forward,59,Romania
1203,Romario  ,Benzar,Defender,59,Romania
1204,Eric ,Bicfalvi,Midfielder,59,Romania
1205,Alexandru ,Chipciu,Midfielder,59,Romania
1206,Gabriel ,Enache,Midfielder,59,Romania
1207,Steliano ,Filip,Defender,59,Romania
1208,Dragos ,Grigore,Defender,59,Romania
1209,Ovidiu ,Hoban,Defender/Midfielder,59,Romania
1210,Claudiu ,Keseru,Forward,59,Romania
1211,Iasmin ,Latovlevici,Defender,59,Romania
1212,Razvan ,Marin,Midfielder,59,Romania
1213,Cosmin ,Moti,Defender,59,Romania
1214,Costel ,Pantilimon,Goalkeeper,59,Romania
1215,Adrian ,Popa,Midfielder,59,Romania
1216,Dorin ,Rotariu,Midfielder,59,Romania
1217,Cristian ,Sapunaru,Defender,59,Romania
1218,Nicolae ,Stanciu,Midfielder,59,Romania
1219,Bogdan ,Stancu,Forward,59,Romania
1220,Ciprian ,Tatarusanu,Goalkeeper,59,Romania
1221,Gabriel ,Torje,Forward,59,Romania
1222,Alin ,Tosca,Defender/Midfielder,59,Romania
1223,Mohammad ,Abu Radead,Forward,60,Saudi Arabia
1224,Nawaf Shaker ,Al Abid,Midfielder,60,Saudi Arabia
1225,Salman ,Al Faraj,Midfielder,60,Saudi Arabia
1226,Mansour Althaqfi ,Al Harbi,Defender,60,Saudi Arabia
1227,Taiseer Jabir ,Al Jassam,Midfielder,60,Saudi Arabia
1228,Abdulaziz ,Al Jebreen,Midfielder,60,Saudi Arabia
1229,Abdulmalek ,Al Khaibri,Midfielder,60,Saudi Arabia
1230,Yasser ,Al Mosailem,Goalkeeper,60,Saudi Arabia
1231,Fahad ,Al Muwallad,Forward,60,Saudi Arabia
1232,Abdulmajeed ,Al Ruwaili,Midfielder,60,Saudi Arabia
1233,Nassir ,Al Shamrani,Forward,60,Saudi Arabia
1234,Yehya ,Al Shehri,Midfielder,60,Saudi Arabia
1235,Hassan ,Fallatah,Defender,60,Saudi Arabia
1236,Motaz ,Hawsawi,Defender,60,Saudi Arabia
1237,Osama ,Hawsawi,Defender,60,Saudi Arabia
1238,Naif ,Hazazi,Forward,60,Saudi Arabia
1239,Salam ,Muwashar,Midfielder,60,Saudi Arabia
1240,Omar ,Othman,Defender,60,Saudi Arabia
1241,Ikechi ,Anya,Midfielder/Forward,61,Scotland
1242,Barry ,Bannan,Midfielder,61,Scotland
1243,Oliver ,Burke,Midfielder/Forward,61,Scotland
1244,Darren ,Fletcher,Midfielder,61,Scotland
1245,Steven ,Fletcher,Forward,61,Scotland
1246,James ,Forrest,Midfielder,61,Scotland
1247,Leigh ,Griffiths,Forward,61,Scotland
1248,Grant ,Hanley,Defender,61,Scotland
1249,David ,Marshall,Goalkeeper,61,Scotland
1250,Chris ,Martin,Forward,61,Scotland
1251,Russell ,Martin,Defender/Midfielder,61,Scotland
1252,James ,McArthur,Midfielder,61,Scotland
1253,John ,McGinn,Midfielder,61,Scotland
1254,Callum ,Paterson,Midfielder,61,Scotland
1255,Matt ,Ritchie,Midfielder,61,Scotland
1256,Andy ,Robertson,Defender,61,Scotland
1257,Robert ,Snodgrass,Midfielder,61,Scotland
1258,Kieran ,Tierney,Defender,61,Scotland
1259,Ljubomir ,Fejsa,Midfielder,62,Serbia
1260,Nemanja ,Gudelj,Midfielder,62,Serbia
1261,Branislav ,Ivanovic,Defender/Midfielder,62,Serbia
1262,Sasa ,Jovanovic,Forward,62,Serbia
1263,Aleksandar ,Katai,Midfielder,62,Serbia
1264,Filip ,Kljajic,Goalkeeper,62,Serbia
1265,Aleksandar ,Kolarov,Defender,62,Serbia
1266,Filip ,Kostic,Midfielder,62,Serbia
1267,Nikola ,Maksimovic,Defender,62,Serbia
1268,Nikola ,Maras,Defender,62,Serbia
1269,Nikola ,Milenkovic,Defender,62,Serbia
1270,Nemanja ,Miletic,Defender,62,Serbia
1271,Luka ,Milivojevic,Midfielder,62,Serbia
1272,Aleksandar ,Mitrovic,Forward,62,Serbia
1273,Stefan ,Mitrovic,Defender,62,Serbia
1274,Bogdan ,Mladenovic,Midfielder,62,Serbia
1275,Filip ,Mladenovic,Defender,62,Serbia
1276,Matija ,Nastasic,Defender/Centre back,62,Serbia
1277,Ognjen ,Ozegovic,Forward,62,Serbia
1278,Andrija ,Pavlovic,Forward,62,Serbia
1279,Marko ,Petkovic,Defender,62,Serbia
1280,Marko ,Poletanovic,Midfielder,62,Serbia
1281,Predrag ,Rajkovic,Goalkeeper,62,Serbia
1282,Mihailo ,Ristic,Midfielder,62,Serbia
1283,Antonio ,Rukavina,Defender,62,Serbia
1284,Nikola ,Stankovic,Defender,62,Serbia
1285,Vladimir ,Stojkovic,Goalkeeper,62,Serbia
1286,Dusan ,Tadic,Midfielder,62,Serbia
1287,Dusko ,Tosic,Defender,62,Serbia
1288,Zoran ,Tosic,Midfielder,62,Serbia
1289,Jagos ,Vukovic,Defender,62,Serbia
1290,Marek ,Bakos,Forward,63,Slovakia
1291,Jan ,Durica,Defender,63,Slovakia
1292,Michal ,Duris,Forward,63,Slovakia
1293,Jan ,Gregus,Midfielder,63,Slovakia
1294,Norbert ,Gyomber,Defender,63,Slovakia
1295,Marek ,Hamsik,Midfielder,63,Slovakia
1296,Jakub ,Holubek,Midfielder,63,Slovakia
1297,Patrik ,Hrosovsky,Midfielder,63,Slovakia
1298,Tomas ,Hubocan,Defender,63,Slovakia
1299,Filip ,Kiss,Midfielder,63,Slovakia
1300,Matus ,Kozacik,Goalkeeper,63,Slovakia
1301,Frantisek ,Kubik,Forward,63,Slovakia
1302,Juraj ,Kucka,Midfielder,63,Slovakia
1303,Robert ,Mak,Midfielder,63,Slovakia
1304,Adam ,Nemec,Forward,63,Slovakia
1305,Lukas ,Pauschek,Defender,63,Slovakia
1306,Viktor ,Pecovsky,Midfielder,63,Slovakia
1307,Peter ,Pekarik,Defender,63,Slovakia
1308,Erik ,Sabo,Midfielder,63,Slovakia
1309,Kornel ,Salata,Defender,63,Slovakia
1310,Milan ,Skriniar,Defender,63,Slovakia
1311,Martin ,Skrtel,Defender/Centre back,63,Slovakia
1312,Dusan ,Svento,Forward,63,Slovakia
1313,Keagan ,Doli,Midfielder,64,South Africa
1314,Dean ,Furman,Midfielder,64,South Africa
1315,Thamsanqa Aubrey ,Gabuza,Forward,64,South Africa
1316,Thulani ,Hlatshwayo,Defender,64,South Africa
1317,Andile ,Jali,Midfielder,64,South Africa
1318,Hlompho ,Kekana,Defender,64,South Africa
1319,Itumeleng ,Khune,Goalkeeper,64,South Africa
1320,Tebogo ,Langerman,Defender,64,South Africa
1321,Jackson ,Mabokgwane,Goalkeeper,64,South Africa
1322,May ,Mahlangu,Midfielder,64,South Africa
1323,Mpho ,Makola,Midfielder,64,South Africa
1324,Oupa Matthews ,Manyisa,Midfielder,64,South Africa
1325,Erick ,Mathoho,Defender,64,South Africa
1326,Thabo ,Matlaba,Defender,64,South Africa
1327,Benson ,Mhlongo,Midfielder,64,South Africa
1328,Thobani ,Mncwango,Forward,64,South Africa
1329,Abbubaker ,Mobara,Defender,64,South Africa
1330,Maphosa ,Modiba,Defender,64,South Africa
1331,Gift ,Motupa,Midfielder,64,South Africa
1332,Ramahlwe ,Mphahlele,Defender,64,South Africa
1333,Isaac ,Nhlapo,Defender,64,South Africa
1334,Ayanda ,Patosi,Forward,64,South Africa
1335,Tokelo ,Rantie,Forward,64,South Africa
1336,Eleazar ,Rodgers,Forward,64,South Africa
1337,Thulani ,Serero,Midfielder,64,South Africa
1338,Sibusiso ,Vilakazi,Midfielder,64,South Africa
1339,Jordi ,Alba,Defender/Midfielder,65,Spain
1340,Marco ,Asensio,Midfielder,65,Spain
1341,Cesar ,Azpilicueta,Defender/Midfielder,65,Spain
1342,Marc ,Bartra,Defender,65,Spain
1343,Sergio  ,Busquets,Midfielder,65,Spain
1344,Daniel ,Carvajal,Defender,65,Spain
1345,David ,De Gea,Goalkeeper,65,Spain
1346, ,Diego Costa,Forward,65,Spain
1347,Andres ,Iniesta,Midfielder,65,Spain
1348, ,Inigo Martinez,Defender,65,Spain
1349, ,Isco,Midfielder/Forward,65,Spain
1350, ,Koke,Midfielder,65,Spain
1351,Nacho ,Monreal,Defender,65,Spain
1352,Alvaro ,Morata,Forward,65,Spain
1353, ,Nacho,Defender,65,Spain
1354, ,Nolito,Forward,65,Spain
1355,Gerard ,Pique,Defender,65,Spain
1356,Sergio ,Ramos,Defender,65,Spain
1357,Sergi ,Roberto,Midfielder,65,Spain
1358, ,Saul,Defender/Midfielder,65,Spain
1359,David ,Silva,Midfielder,65,Spain
1360, ,Thiago Alcantara,Forward,65,Spain
1361,Lucas ,Vazquez,Midfielder,65,Spain
1362, ,Vitolo,Midfielder,65,Spain
1363,Ludwig ,Augustinsson,Defender,66,Sweden
1364,Marcus ,Berg,Forward,66,Sweden
1365,Jimmy ,Durmaz,Midfielder,66,Sweden
1366,Albin ,Ekdal,Midfielder,66,Sweden
1367,Emil ,Forsberg,Forward,66,Sweden
1368,Alexander ,Fransson,Midfielder,66,Sweden
1369,Andreas ,Granqvist,Defender/Centre back,66,Sweden
1370,John ,Guidetti,Forward,66,Sweden
1371,Oscar ,Hiljemark,Midfielder,66,Sweden
1372,Emil ,Krafth,Defender,66,Sweden
1373,Emir ,Kujovic,Forward,66,Sweden
1374,Victor ,Lindelof,Defender,66,Sweden
1375,Mikael ,Lustig,Defender,66,Sweden
1376,Christoffer ,Nyman,Forward,66,Sweden
1377,Robin ,Olsen,Goalkeeper,66,Sweden
1378,Martin ,Olsson,Defender/Midfielder,66,Sweden
1379,Marcus ,Rohdén,Midfielder,66,Sweden
1380,Ola ,Toivonen,Forward,66,Sweden
1381,Oscar ,Wendt,Defender,66,Sweden
1382,Valon ,Behrami,Defender/Midfielder,67,Switzerland
1383,Roman ,Burki,Goalkeeper,67,Switzerland
1384,Eren ,Derdiyok,Forward,67,Switzerland
1385,Johann ,Djourou,Defender/Centre back,67,Switzerland
1386,Blerim ,Dzemaili,Midfielder,67,Switzerland
1387,Nico ,Elvedi,Defender,67,Switzerland
1388,Breel ,Embolo,Forward,67,Switzerland
1389, ,Gelson Fernandes,Midfielder,67,Switzerland
1390,Timm ,Klose,Defender,67,Switzerland
1391,Michael ,Lang,Defender,67,Switzerland
1392,Stefan ,Lichtsteiner,Defender,67,Switzerland
1393,Admir ,Mehmedi,Forward,67,Switzerland
1394,Ricardo ,Rodriguez,Defender/Midfielder,67,Switzerland
1395,Fabian ,Schar,Defender,67,Switzerland
1396,Haris ,Seferovic,Forward,67,Switzerland
1397,Xherdan ,Shaqiri,Midfielder/Forward,67,Switzerland
1398,Yann ,Sommer,Goalkeeper,67,Switzerland
1399,Valentin ,Stocker,Midfielder,67,Switzerland
1400,Silvan ,Widmer,Defender,67,Switzerland
1401,Granit ,Xhaka,Midfielder,67,Switzerland
1402,Denis ,Zakaria,Midfielder,67,Switzerland
1403,Radanfah ,Abu Bakr,Defender,68,Trinidad and Tobago
1404,Sheldon ,Bateau,Defender,68,Trinidad and Tobago
1405,Andre ,Boucaud,Midfielder,68,Trinidad and Tobago
1406,Trevin ,Caesar,Forward,68,Trinidad and Tobago
1407,Cordell ,Cato,Midfielder,68,Trinidad and Tobago
1408,Daneil ,Cyrus,Defender,68,Trinidad and Tobago
1409,Aubrey ,David,Defender,68,Trinidad and Tobago
1410,Levi ,Garcia,Forward,68,Trinidad and Tobago
1411,Kevan ,George,Midfielder,68,Trinidad and Tobago
1412,Khaleem ,Hyland,Midfielder,68,Trinidad and Tobago
1413,Alvin ,Jones,Defender,68,Trinidad and Tobago
1414,Joevin ,Jones,Midfielder ,68,Trinidad and Tobago
1415,Kenwyne ,Jones,Forward,68,Trinidad and Tobago
1416,Carlyle ,Mitchell,Defender,68,Trinidad and Tobago
1417,Kevin ,Molino,Midfielder,68,Trinidad and Tobago
1418,Marvin ,Phillip,Goalkeeper,68,Trinidad and Tobago
1419,Jomal ,Williams,Midfielder,68,Trinidad and Tobago
1420,Mekeil ,Williams,Defender,68,Trinidad and Tobago
1421,Shahdon ,Winchester,Forward,68,Trinidad and Tobago
1422,Aymen ,Abdennour,Defender,69,Tunisia
1423,Ahmed ,Akaichi,Forward,69,Tunisia
1424,Mohamed ,Ali Yacoubi,Midfielder,69,Tunisia
1425,Mohamed Amine ,Ben Amor,Midfielder,69,Tunisia
1426,Issam ,Ben Khemis,Midfielder,69,Tunisia
1427,Syam ,Ben Youssef,Defender,69,Tunisia
1428,Anis ,Ben-Hatira,Midfielder,69,Tunisia
1429,Saad ,Bguir,Midfielder,69,Tunisia
1430,Chamseddine ,Dhaouadi,Defender,69,Tunisia
1431,Hamdi ,Harbaoui,Forward,69,Tunisia
1432,Wahbi ,Khazri,Forward,69,Tunisia
1433,Taha Yassine ,Khenissi,Forward,69,Tunisia
1434,Hamza ,Lahmar,Midfielder,69,Tunisia
1435,Ali ,Maaloul,Defender,69,Tunisia
1436,Aymen ,Mathlouthi,Goalkeeper,69,Tunisia
1437,Bilel ,Mohsni,Defender/Midfielder/Forward,69,Tunisia
1438,Hamdi ,Naguez,Defender,69,Tunisia
1439,Abdelkader ,Oueslati,Midfielder/Forward,69,Tunisia
1440,Khalifa ,Saber,Forward,69,Tunisia
1441,Ferjani ,Sassi,Midfielder,69,Tunisia
1442, ,Ahmet Calik,Defender,70,Turkey
1443, ,Caglar Soyuncu,Defender,70,Turkey
1444, ,Caner Erkin,Midfielder,70,Turkey
1445, ,Cenk Tosun,Forward,70,Turkey
1446, ,Emre Mor,Midfielder,70,Turkey
1447, ,Enes Unal,Forward,70,Turkey
1448, ,Hakan Balta,Midfielder,70,Turkey
1449, ,Hakan Calhanoglu,Midfielder,70,Turkey
1450, ,Hasan Ali Kaldirim,Defender,70,Turkey
1451, ,Ismail Koybasi,Defender,70,Turkey
1452, ,Kaan Ayhan,Defender/Midfielder,70,Turkey
1453, ,Mehmet Topal,Midfielder,70,Turkey
1454, ,Mevlut Erdinc,Forward,70,Turkey
1455, ,Okay Yokuslu,Midfielder,70,Turkey
1456, ,Olcay Sahan,Midfielder,70,Turkey
1457, ,Omer Toprak,Defender,70,Turkey
1458, ,Ozan Tufan,Defender,70,Turkey
1459, ,Senar Ozbayrakli,Defender,70,Turkey
1460, ,Serdar Aziz,Defender,70,Turkey
1461, ,Tolga Cigerci,Midfielder,70,Turkey
1462, ,Volkan Babacan,Goalkeeper,70,Turkey
1463, ,Volkan Sen,Midfielder,70,Turkey
1464, ,Yasin Oztekin,Midfielder,70,Turkey
1465, ,Yunus Malli,Midfielder,70,Turkey
1466,Bohdan ,Butko,Defender,71,Ukraine
1467,Olexsandr ,Karavaev,Midfielder,71,Ukraine
1468,Yevhen ,Konoplyanka,Midfielder,71,Ukraine
1469,Viktor ,Kovalenko,Midfielder,71,Ukraine
1470,Artem ,Kravets,Forward,71,Ukraine
1471,Oleksandr ,Kucher,Defender,71,Ukraine
1472,Ivan ,Ordets,Defender,71,Ukraine
1473,Ivan ,Petryak,Midfielder,71,Ukraine
1474,Andrey ,Pyatov,Goalkeeper,71,Ukraine
1475,Yaroslav ,Rakytskyy,Defender,71,Ukraine
1476,Ruslan ,Rotan,Midfielder,71,Ukraine
1477,Yevhen ,Shakhov,Midfielder/Forward,71,Ukraine
1478,Yevhen ,Shakhov,Midfielder/Forward,71,Ukraine
1479,Eduard ,Sobol,Defender,71,Ukraine
1480,Taras ,Stepanenko,Defender/Midfielder,71,Ukraine
1481,Serhiy ,Sydorchuk,Midfielder,71,Ukraine
1482,Andriy ,Yarmolenko,Midfielder/Forward,71,Ukraine
1483,Olexsandr ,Zinchenko,Midfielder,71,Ukraine
1484,Roman ,Zozulya,Forward,71,Ukraine
1485,Walid ,Abbas,Defender,72,United Arab Emirates
1486,Amer ,Abdulrahman,Midfielder,72,United Arab Emirates
1487,Mohamed  ,Abdulrahman,Forward,72,United Arab Emirates
1488,Omar ,Abdulrahman,Forward,72,United Arab Emirates
1489,Ismail ,Ahmed,Defender,72,United Arab Emirates
1490,Mohamed ,Ahmed,Defender,72,United Arab Emirates
1491,Tariq ,Ahmed,Midfielder,72,United Arab Emirates
1492,Ismael ,Al Hammadi,Midfielder,72,United Arab Emirates
1493,Mohamed ,Al Hammadi,Defender,72,United Arab Emirates
1494,Ahmed ,Ali,Forward,72,United Arab Emirates
1495,Khalid ,Eisa,Goalkeeper,72,United Arab Emirates
1496,Habib ,Fardan Abdualla,Midfielder,72,United Arab Emirates
1497,Mohamed ,Fawzi,Midfielder,72,United Arab Emirates
1498,Abdulaziz ,Hussain,Midfielder,72,United Arab Emirates
1499,Khamis ,Ismail,Midfielder,72,United Arab Emirates
1500,Ahmed ,Khalil,Forward,72,United Arab Emirates
1501,Majed ,Naser,Goalkeeper,72,United Arab Emirates
1502,Salem ,Saleh,Forward,72,United Arab Emirates
1503,Mohanad ,Salem,Defender,72,United Arab Emirates
1504,Abdelaziz ,Sanqour,Defender,72,United Arab Emirates
1505,Egidio ,Arevalo,Midfielder,73,Uruguay
1506,Edinson ,Cavani,Forward,73,Uruguay
1507,Sebastian ,Coates,Defender,73,Uruguay
1508,Mathias ,Corujo,Defender,73,Uruguay
1509,Jorge ,Fucile,Defender,73,Uruguay
1510,Jose ,Gimenez,Defender,73,Uruguay
1511,Diego ,Godin,Defender,73,Uruguay
1512,Abel ,Hernandez,Forward,73,Uruguay
1513,Diego ,Laxalt,Midfielder,73,Uruguay
1514,Nicolas ,Lodeiro,Midfielder,73,Uruguay
1515,Fernando ,Muslera,Goalkeeper,73,Uruguay
1516,Alvaro ,Pereira,Midfielder,73,Uruguay
1517,Gaston ,Ramirez,Midfielder,73,Uruguay
1518,Cristian ,Rodriguez,Midfielder,73,Uruguay
1519,Diego ,Rolan,Forward,73,Uruguay
1520,Carlos ,Sanchez,Midfielder,73,Uruguay
1521,Gaston ,Silva,Defender,73,Uruguay
1522,Cristhian ,Stuani,Forward,73,Uruguay
1523,Luis ,Suarez,Forward,73,Uruguay
1524,Matias ,Vecino,Midfielder,73,Uruguay
1525,Kellyn ,Acosta,Midfielder,74,USA
1526,Juan ,Agudelo,Forward,74,USA
1527,Jozy ,Altidore,Forward,74,USA
1528,Paul ,Arriola,Forward,74,USA
1529,Kyle ,Beckerman,Midfielder,74,USA
1530,Alejandro ,Bedoya,Midfielder,74,USA
1531,Matt ,Besler,Defender,74,USA
1532,David ,Bingham,Goalkeeper,74,USA
1533,Steve ,Birnbaum,Defender,74,USA
1534,Terrence ,Boyd,Forward,74,USA
1535,Michael ,Bradley,Midfielder,74,USA
1536,John ,Brooks,Defender,74,USA
1537,Geoff ,Cameron,Defender/Midfielder,74,USA
1538,Timmy ,Chandler,Forward,74,USA
1539,Omar ,Gonzalez,Defender,74,USA
1540,Lynden ,Gooch,Forward,74,USA
1541,Julian ,Green,Forward,74,USA
1542,Brad ,Guzan,Goalkeeper,74,USA
1543,Ethan ,Horvath,Goalkeeper,74,USA
1544,Tim ,Howard,Goalkeeper,74,USA
1545,Fabian ,Johnson,Defender,74,USA
1546,Perry ,Kitchen,Midfielder ,74,USA
1547,Sascha ,Kljestan,Midfielder,74,USA
1548,Jordan ,Morris,Forward,74,USA
1549,Michael ,Orozco,Defender,74,USA
1550,Christian ,Pulisic,Defender,74,USA
1551,Caleb ,Stanko,Midfielder,74,USA
1552,Danny ,Williams,Midfielder,74,USA
1553,Chris ,Wondolowski,Forward,74,USA
1554,Bobby ,Wood,Forward,74,USA
1555,William ,Yarbrough,Goalkeeper ,74,USA
1556,DeAndre ,Yedlin,Defender,74,USA
1557,Graham ,Zusi,Midfielder,74,USA
1558,Sergei ,Aleinikov,Midfielder,75,USSR
1559,Odil ,Akhmedov,Midfielder,76,Uzbekistan
1560,Marat ,Bikmaev,Midfielder,76,Uzbekistan
1561,Vitaliy ,Denisov,Defender,76,Uzbekistan
1562,Server ,Djeparov,Midfielder,76,Uzbekistan
1563,Alexander ,Geynrikh,Forward,76,Uzbekistan
1564,Aziz ,Haydarov,Midfielder,76,Uzbekistan
1565,Anzur ,Ismailov,Defender,76,Uzbekistan
1566,Davron ,Khashimov,Defender,76,Uzbekistan
1567,Egor ,Krimets,Defender,76,Uzbekistan
1568,Aleksandr ,Lobanov,Goalkeeper,76,Uzbekistan
1569,Jaloliddin ,Masharipov,Midfielder,76,Uzbekistan
1570,Sardor ,Rashidov,Midfielder,76,Uzbekistan
1571,Igor ,Sergeev,Forward,76,Uzbekistan
1572,Eldor ,Shomurodov,Forward,76,Uzbekistan
1573,Otabek ,Shukurov,Midfielder,76,Uzbekistan
1574,Djavokhir ,Sokhibov,Midfielder,76,Uzbekistan
1575,Islom ,Tukhtakhodjaev,Defender,76,Uzbekistan
1576,Yonathan ,Del Valle,Forward,77,Venezuela
1577,Rolf ,Feltscher,Defender,77,Venezuela
1578,Arquimedes ,Figuera,Midfielder,77,Venezuela
1579,Arles ,Flores,Midfielder,77,Venezuela
1580,Victor ,Garcia,Defender,77,Venezuela
1581,Alexander ,Gonzalez,Defender/Midfielder,77,Venezuela
1582,Alejandro ,Guerra,Midfielder,77,Venezuela
1583,Dani ,Hernandez,Goalkeeper,77,Venezuela
1584,Yangel ,Herrera,Midfielder,77,Venezuela
1585, ,Juanpi,Midfielder,77,Venezuela
1586,Jacobo Salvador ,Kouffaty,Forward,77,Venezuela
1587,Josef ,Martinez,Forward,77,Venezuela
1588,Romulo ,Otero Vasquez,Midfielder,77,Venezuela
1589,Adalberto ,Penaranda,Forward,77,Venezuela
1590,Tomás ,Rincón,Midfielder,77,Venezuela
1591,Mario ,Rondon,Forward,77,Venezuela
1592,Salomon ,Rondon,Forward,77,Venezuela
1593,Roberto ,Rosales,Defender,77,Venezuela
1594,Christian ,Santos,Forward,77,Venezuela
1595,Yeferson ,Soteldo,Midfielder,77,Venezuela
1596,Jose ,Velazquez,Defender/Midfielder,77,Venezuela
1597,Mikel ,Villanueva,Defender,77,Venezuela
1598,Oswaldo ,Vizcarrondo,Defender,77,Venezuela
1599,Angel ,Wilker,Midfielder,77,Venezuela
1600,Joe ,Allen,Midfielder,78,Wales
1601,Gareth ,Bale,Defender/Midfielder,78,Wales
1602,James ,Chester,Defender,78,Wales
1603,James M ,Collins,Defender/Centre back,78,Wales
1604,Dave ,Cotterill,Midfielder/Forward,78,Wales
1605,Ben ,Davies,Defender/Midfielder,78,Wales
1606,David ,Edwards,Midfielder,78,Wales
1607,Chris ,Gunter,Defender,78,Wales
1608,Wayne ,Hennessey,Goalkeeper,78,Wales
1609,Emyr ,Huws,Midfielder,78,Wales
1610,Andy ,King,Midfielder,78,Wales
1611,Joe ,Ledley,Midfielder,78,Wales
1612,Hal ,Robson-Kanu,Midfielder,78,Wales
1613,Neil ,Taylor,Defender/Midfielder,78,Wales
1614,Sam ,Vokes,Forward,78,Wales
1615,Ashley ,Williams,Defender,78,Wales
1616,Karim ,Bellarabi,Midfielder,79,West Germany
1617,Jerome ,Boateng,Defender,79,West Germany
1618,Julian ,Brandt,Midfielder,79,West Germany
1619,Julian ,Draxler,Midfielder,79,West Germany
1620,Mario ,Gotze,Midfielder/Forward,79,West Germany
1621,Jonas ,Hector,Defender,79,West Germany
1622,Benedikt ,Howedes,Defender,79,West Germany
1623,Mats ,Hummels,Defender,79,West Germany
1624, ,Ilkay Gundogan,Midfielder,79,West Germany
1625,Sami ,Khedira,Midfielder,79,West Germany
1626,Joshua ,Kimmich,Midfielder,79,West Germany
1627,Toni ,Kroos,Midfielder,79,West Germany
1628,Bernd ,Leno,Goalkeeper,79,West Germany
1629,  ,Mesut Ozil,Midfielder,79,West Germany
1630,Max ,Meyer,Midfielder,79,West Germany
1631,Thomas ,Muller,Midfielder,79,West Germany
1632,Shkodran ,Mustafi,Defender,79,West Germany
1633,Manuel ,Neuer,Goalkeeper,79,West Germany
1634,Bastian ,Schweinsteiger,Midfielder,79,West Germany
1635,Niklas ,Sule,Defender,79,West Germany
1636,Jonathan ,Tah,Defender,79,West Germany
1637,Marc-Andre ,ter Stegen,Goalkeeper,79,West Germany
1638,Kevin ,Volland,Forward,79,West Germany
1639,Julian ,Weigl,Midfielder,79,West Germany
1640,Jacob ,Banda,Goalkeeper,81,Zambia
1641,Adrian ,Chama,Defender,81,Zambia
1642,Cletus ,Chama,Midfielder,81,Zambia
1643,Kabaso ,Chongo,Defender,81,Zambia
1644,Rodrick ,Kabwe,Midfielder,81,Zambia
1645,Rainford ,Kalaba,Midfielder,81,Zambia
1646,Winston ,Kalengo,Forward,81,Zambia
1647,Fackson ,Kapumbu,Defender,81,Zambia
1648,Paul ,Katema,Midfielder,81,Zambia
1649,Christopher ,Katongo,Midfielder,81,Zambia
1650,Rodgers ,Kola,Forward,81,Zambia
1651,Chisamba ,Lungu,Midfielder,81,Zambia
1652,Collins ,Mbesuma,Forward,81,Zambia
1653,Emmanuel ,Mbola,Defender,81,Zambia
1654,Kondwani ,Mtonga,Midfielder,81,Zambia
1655,Lubambo ,Musonda,Midfielder,81,Zambia
1656,Jackson ,Mwanza,Forward,81,Zambia
1657,Kennedy ,Mweene,Goalkeeper,81,Zambia
1658,Simon ,Silwimba,Midfielder,81,Zambia
1659,Nathan ,Sinkala,Midfielder,81,Zambia
1660,Stopila ,Sunzu,Midfielder,81,Zambia
1661,Fwayo ,Tembo,Midfielder,81,Zambia
